Country,Type,2009,2010,2011,2012,2013,2014,2015,2016,2017,2018,2019,2020
WORLD,World,6872766.988,6956823.588,7041194.16799999,7125827.957,7210582.041,7295290.759,7379796.967,7464021.934,7547858.9,7631091.113,7713468.20500001,7794798.729
Burundi,Country/Area,8397.661,8675.606,8958.406,9245.992,9540.302,9844.301,10160.034,10488.002,10827.01,11175.379,11530.577,11890.781
Comoros,Country/Area,673.251,689.696,706.578,723.865,741.511,759.39,777.435,795.597,813.89,832.322,850.891,869.595
Djibouti,Country/Area,827.82,840.194,853.671,868.136,883.296,898.707,913.998,929.117,944.1,958.923,973.557,988.002
Eritrea,Country/Area,3119.92,3170.437,3213.969,3250.104,3281.453,3311.444,3342.818,3376.558,3412.894,3452.797,3497.117,3546.427
Ethiopia,Country/Area,85233.923,87639.962,90139.928,92726.982,95385.793,98094.264,100835.453,103603.461,106399.926,109224.41,112078.727,114963.583
Kenya,Country/Area,40901.798,42030.684,43178.27,44343.469,45519.986,46700.063,47878.339,49051.531,50221.146,51392.57,52573.967,53771.3
Madagascar,Country/Area,20569.115,21151.64,21743.97,22346.641,22961.259,23589.897,24234.08,24894.37,25570.511,26262.313,26969.306,27691.019
Malawi,Country/Area,14128.161,14539.609,14962.118,15396.01,15839.287,16289.55,16745.305,17205.253,17670.193,18143.215,18628.749,19129.955
Mauritius,Country/Area,1243.996,1247.953,1251.074,1253.489,1255.458,1257.351,1259.457,1261.87,1264.497,1267.184,1269.67,1271.767
Mayotte,Country/Area,202.494,208.716,214.937,221.147,227.376,233.658,240.011,246.46,252.962,259.526,266.153,272.813
Mozambique,Country/Area,22894.718,23531.567,24187.5,24862.673,25560.752,26286.192,27042.001,27829.93,28649.007,29496.009,30366.043,31255.435
Réunion,Country/Area,823.529,830.507,837.336,843.984,850.506,856.96,863.359,869.742,876.131,882.531,888.932,895.308
Rwanda,Country/Area,9782.77,10039.338,10293.333,10549.668,10811.538,11083.629,11369.066,11668.829,11980.96,12301.969,12626.938,12952.209
Seychelles,Country/Area,90.788,91.273,91.882,92.608,93.397,94.214,94.981,95.711,96.418,97.094,97.741,98.34
Somalia,Country/Area,11717.691,12043.886,12376.305,12715.487,13063.711,13423.571,13797.204,14185.635,14589.165,15008.225,15442.906,15893.219
South Sudan,Country/Area,9142.258,9508.372,9830.695,10113.648,10355.03,10554.882,10715.657,10832.52,10910.774,10975.924,11062.114,11193.729
Uganda,Country/Area,31411.096,32428.164,33476.772,34558.7,35694.519,36911.53,38225.447,39649.173,41166.588,42729.032,44269.587,45741
United Republic of Tanzania,Country/Area,43073.83,44346.532,45673.52,47053.033,48483.132,49960.563,51482.638,53049.231,54660.345,56313.444,58005.461,59734.213
Zambia,Country/Area,13215.142,13605.986,14023.199,14465.148,14926.551,15399.793,15879.37,16363.449,16853.608,17351.714,17861.034,18383.956
Zimbabwe,Country/Area,12526.964,12697.728,12894.323,13115.149,13350.378,13586.71,13814.642,14030.338,14236.599,14438.812,14645.473,14862.927
Angola,Country/Area,22514.275,23356.247,24220.66,25107.925,26015.786,26941.773,27884.38,28842.482,29816.769,30809.787,31825.299,32866.268
Cameroon,Country/Area,19789.922,20341.236,20906.392,21485.267,22077.3,22681.853,23298.376,23926.549,24566.07,25216.261,25876.387,26545.864
Central African Republic,Country/Area,4337.623,4386.765,4418.639,4436.411,4447.945,4464.171,4493.171,4537.683,4596.023,4666.375,4745.179,4829.764
Chad,Country/Area,11560.142,11952.134,12360.986,12784.748,13220.433,13663.562,14110.971,14561.658,15016.761,15477.727,15946.882,16425.859
Congo,Country/Area,4145.4,4273.738,4394.842,4510.197,4622.757,4736.965,4856.093,4980.996,5110.701,5244.363,5380.504,5518.092
Democratic Republic of the Congo,Country/Area,62448.572,64563.853,66755.151,69020.749,71358.804,73767.445,76244.532,78789.13,81398.765,84068.092,86790.568,89561.404
Equatorial Guinea,Country/Area,901.589,943.64,986.861,1031.191,1076.412,1122.273,1168.575,1215.181,1262.008,1308.966,1355.982,1402.985
Gabon,Country/Area,1568.925,1624.146,1684.629,1749.677,1817.07,1883.801,1947.69,2007.882,2064.812,2119.275,2172.578,2225.728
Sao Tome and Principe,Country/Area,175.877,180.372,184.521,188.394,192.076,195.727,199.439,203.221,207.086,211.032,215.048,219.161
Botswana,Country/Area,1953.495,1987.106,2015.406,2039.551,2062.551,2088.619,2120.716,2159.925,2205.076,2254.067,2303.703,2351.625
Eswatini,Country/Area,1057.462,1064.841,1072.029,1079.285,1086.843,1095.022,1104.038,1113.994,1124.808,1136.274,1148.133,1160.164
Lesotho,Country/Area,1990.135,1995.575,2003.793,2014.988,2028.528,2043.448,2059.011,2075.041,2091.532,2108.327,2125.267,2142.252
Namibia,Country/Area,2081.039,2118.877,2156.698,2194.777,2233.506,2273.426,2314.901,2358.044,2402.623,2448.3,2494.524,2540.916
South Africa,Country/Area,50477.013,51216.967,52003.759,52832.659,53687.125,54544.184,55386.369,56207.649,57009.751,57792.52,58558.267,59308.69
Benin,Country/Area,8944.713,9199.254,9460.829,9729.254,10004.594,10286.839,10575.962,10872.072,11175.192,11485.035,11801.151,12123.198
Burkina Faso,Country/Area,15141.098,15605.211,16081.915,16571.252,17072.791,17586.029,18110.616,18646.35,19193.236,19751.466,20321.383,20903.278
Cabo Verde,Country/Area,486.667,492.644,498.858,505.241,511.74,518.276,524.74,531.14,537.499,543.764,549.936,555.988
Côte d'Ivoire,Country/Area,20059.147,20532.944,21028.652,21547.188,22087.506,22647.672,23226.148,23822.726,24437.475,25069.226,25716.554,26378.275
Gambia,Country/Area,1740.277,1793.199,1848.142,1905.02,1963.708,2024.037,2085.86,2149.134,2213.9,2280.092,2347.696,2416.664
Ghana,Country/Area,24170.943,24779.614,25387.713,25996.454,26607.641,27224.48,27849.203,28481.947,29121.464,29767.108,30417.858,31072.945
Guinea,Country/Area,9964.47,10192.168,10420.459,10652.032,10892.821,11150.97,11432.096,11738.434,12067.516,12414.292,12771.246,13132.792
Guinea-Bissau,Country/Area,1483.92,1522.603,1562.996,1604.981,1648.259,1692.433,1737.207,1782.434,1828.146,1874.304,1920.917,1967.998
Liberia,Country/Area,3754.129,3891.357,4017.446,4135.662,4248.337,4359.508,4472.229,4586.788,4702.224,4818.976,4937.374,5057.677
Mali,Country/Area,14581.427,15049.352,15514.593,15979.492,16449.854,16934.213,17438.772,17965.448,18512.429,19077.755,19658.023,20250.834
Mauritania,Country/Area,3393.408,3494.2,3598.646,3706.555,3817.497,3930.894,4046.304,4163.532,4282.582,4403.312,4525.698,4649.66
Niger,Country/Area,15843.131,16464.025,17114.77,17795.209,18504.287,19240.182,20001.663,20788.789,21602.388,22442.831,23310.719,24206.636
Nigeria,Country/Area,154324.939,158503.203,162805.08,167228.803,171765.819,176404.931,181137.454,185960.244,190873.247,195874.685,200963.603,206139.587
Saint Helena,Country/Area,5.135,5.183,5.281,5.416,5.583,5.737,5.869,5.958,6.008,6.039,6.061,6.071
Senegal,Country/Area,12335.092,12678.143,13033.814,13401.99,13782.429,14174.74,14578.45,14993.514,15419.354,15854.324,16296.362,16743.93
Sierra Leone,Country/Area,6272.735,6415.636,6563.238,6712.586,6863.975,7017.153,7171.909,7328.846,7488.427,7650.149,7813.207,7976.985
Togo,Country/Area,6250.84,6421.674,6595.939,6773.807,6954.721,7137.997,7323.162,7509.952,7698.476,7889.095,8082.359,8278.737
Algeria,Country/Area,35333.882,35977.451,36661.438,37383.899,38140.135,38923.688,39728.02,40551.398,41389.174,42228.415,43053.054,43851.043
Egypt,Country/Area,81134.789,82761.244,84529.251,86422.24,88404.652,90424.668,92442.549,94447.071,96442.59,98423.602,100388.076,102334.403
Libya,Country/Area,6133.987,6197.667,6247.438,6285.751,6320.35,6362.039,6418.315,6492.16,6580.723,6678.565,6777.453,6871.287
Morocco,Country/Area,31929.087,32343.384,32781.86,33241.898,33715.705,34192.358,34663.608,35126.274,35581.257,36029.089,36471.766,36910.558
Sudan,Country/Area,33783.779,34545.014,35349.676,36193.781,37072.555,37977.657,38902.948,39847.433,40813.398,41801.532,42813.237,43849.269
Tunisia,Country/Area,10525.691,10635.245,10741.872,10846.993,10952.949,11063.195,11179.951,11303.942,11433.438,11565.203,11694.721,11818.618
Western Sahara,Country/Area,474.045,480.268,487.654,495.773,504.858,514.984,526.211,538.744,552.617,567.396,582.458,597.33
Armenia,Country/Area,2888.094,2877.314,2876.536,2884.239,2897.593,2912.403,2925.559,2936.147,2944.789,2951.741,2957.728,2963.234
Azerbaijan,Country/Area,8924.383,9032.465,9146.277,9264.684,9385.467,9505.616,9622.741,9736.041,9845.316,9949.537,10047.719,10139.175
Bahrain,Country/Area,1185.075,1240.864,1278.153,1299.942,1315.029,1336.073,1371.853,1425.793,1494.077,1569.44,1641.164,1701.583
Cyprus,Country/Area,1098.089,1112.617,1124.837,1135.046,1143.866,1152.297,1160.987,1170.189,1179.685,1189.262,1198.574,1207.361
Georgia,Country/Area,4119.49,4099.096,4081.012,4064.097,4048.701,4035.31,4024.18,4015.457,4008.723,4002.946,3996.762,3989.175
Iraq,Country/Area,28973.157,29741.977,30725.305,31890.012,33157.061,34411.949,35572.269,36610.632,37552.789,38433.604,39309.789,40222.503
Israel,Country/Area,7190.037,7346.446,7487.095,7614.946,7734.834,7854.216,7978.496,8108.984,8243.849,8381.507,8519.373,8655.541
Jordan,Country/Area,6893.258,7261.541,7662.858,8089.963,8518.992,8918.822,9266.573,9554.286,9785.84,9965.322,10101.697,10203.14
Kuwait,Country/Area,2821.041,2991.884,3168.054,3348.852,3526.382,3690.939,3835.588,3956.862,4056.102,4137.314,4207.077,4270.563
Lebanon,Country/Area,4813.026,4953.064,5202.022,5537.62,5913.016,6261.046,6532.681,6714.281,6819.373,6859.408,6855.709,6825.442
Oman,Country/Area,2876.186,3041.435,3251.102,3498.031,3764.805,4027.255,4267.341,4479.217,4665.926,4829.476,4974.992,5106.622
Qatar,Country/Area,1654.944,1856.329,2035.862,2196.078,2336.579,2459.202,2565.708,2654.379,2724.727,2781.682,2832.071,2881.06
Saudi Arabia,Country/Area,26630.303,27421.468,28267.591,29154.906,30052.058,30916.603,31717.676,32443.443,33101.183,33702.757,34268.529,34813.867
State of Palestine,Country/Area,3957.684,4055.632,4149.654,4241.572,4333.521,4428.634,4529.16,4635.644,4747.233,4862.978,4981.422,5101.416
Syrian Arab Republic,Country/Area,21205.873,21362.541,21081.814,20438.861,19578.466,18710.711,17997.411,17465.567,17095.669,16945.062,17070.132,17500.657
Turkey,Country/Area,71321.406,72326.992,73443.254,74651.046,75925.454,77229.262,78529.413,79827.868,81116.451,82340.09,83429.607,84339.067
United Arab Emirates,Country/Area,7917.368,8549.998,8946.778,9141.598,9197.908,9214.182,9262.896,9360.975,9487.206,9630.966,9770.526,9890.4
Yemen,Country/Area,22516.464,23154.854,23807.586,24473.176,25147.112,25823.488,26497.881,27168.21,27834.811,28498.683,29161.922,29825.968
Kazakhstan,Country/Area,16043.015,16252.273,16490.669,16751.523,17026.118,17302.619,17572.01,17830.902,18080.023,18319.616,18551.428,18776.707
Kyrgyzstan,Country/Area,5334.708,5422.298,5517.927,5621.583,5731.312,5844.521,5959.126,6074.327,6189.727,6304.025,6415.851,6524.191
Tajikistan,Country/Area,7364.752,7527.397,7697.507,7874.838,8059.782,8252.828,8454.019,8663.575,8880.27,9100.847,9321.023,9537.642
Turkmenistan,Country/Area,5007.953,5087.211,5174.076,5267.906,5366.376,5466.324,5565.283,5662.371,5757.667,5850.902,5942.094,6031.187
Uzbekistan,Country/Area,28065.469,28515.908,28977.006,29449.415,29932.63,30426.394,30929.556,31441.753,31959.774,32476.232,32981.715,33469.199
Afghanistan,Country/Area,28394.806,29185.511,30117.411,31161.378,32269.592,33370.804,34413.603,35383.028,36296.111,37171.922,38041.757,38928.341
Bangladesh,Country/Area,145924.795,147575.433,149273.134,151005.733,152761.413,154517.385,156256.287,157977.151,159685.421,161376.713,163046.173,164689.383
Bhutan,Country/Area,678.329,685.502,693.297,701.582,710.235,719.053,727.885,736.706,745.563,754.396,763.094,771.612
India,Country/Area,1217726.217,1234281.163,1250287.939,1265780.243,1280842.119,1295600.768,1310152.392,1324517.25,1338676.779,1352642.283,1366417.756,1380004.385
Iran (Islamic Republic of),Country/Area,72924.833,73762.519,74634.959,75539.881,76481.963,77465.769,78492.208,79563.991,80673.888,81800.204,82913.893,83992.953
Maldives,Country/Area,353.391,365.73,380.493,397.231,415.592,435.018,454.914,475.505,496.398,515.704,530.957,540.542
Nepal,Country/Area,26883.531,27013.207,27041.22,26989.16,26916.795,26905.982,27015.033,27263.43,27632.682,28095.712,28608.715,29136.808
Pakistan,Country/Area,175525.61,179424.643,183340.168,187280.125,191260.799,195305.012,199426.953,203631.356,207906.21,212228.288,216565.317,220892.331
Sri Lanka,Country/Area,20123.508,20261.738,20398.496,20532.599,20663.053,20788.512,20908.024,21021.177,21128.028,21228.76,21323.734,21413.25
China,Country/Area,1361169.41,1368810.604,1376497.633,1384206.408,1391883.335,1399453.966,1406847.868,1414049.353,1421021.794,1427647.789,1433783.692,1439323.774
"China, Hong Kong SAR",Country/Area,6924.642,6966.324,7006.598,7046.847,7088.78,7134.668,7185.992,7243.541,7306.315,7371.728,7436.157,7496.988
"China, Macao SAR",Country/Area,526.401,538.215,550.833,564.037,577.368,590.21,602.093,612.824,622.578,631.633,640.446,649.342
"China, Taiwan Province of China",Country/Area,23104.542,23187.556,23268.76,23346.898,23421.582,23491.976,23557.473,23618.201,23674.546,23726.46,23773.881,23816.775
Dem. People's Republic of Korea,Country/Area,24428.34,24548.84,24673.392,24800.638,24929.5,25057.793,25183.832,25307.665,25429.816,25549.606,25666.158,25778.815
Japan,Country/Area,128555.196,128542.349,128498.966,128423.571,128314.189,128168.63,127985.139,127763.267,127502.728,127202.19,126860.299,126476.458
Mongolia,Country/Area,2673.794,2719.902,2770.357,2824.698,2881.783,2940.111,2998.433,3056.358,3113.788,3170.214,3225.166,3278.292
Republic of Korea,Country/Area,49347.45,49545.638,49786.153,50060.639,50345.72,50607.904,50823.087,50983.446,51096.408,51171.7,51225.321,51269.183
Brunei Darussalam,Country/Area,383.902,388.634,393.687,398.997,404.414,409.778,414.914,419.791,424.481,428.96,433.296,437.483
Cambodia,Country/Area,14093.605,14312.205,14541.421,14780.454,15026.33,15274.506,15521.435,15766.29,16009.413,16249.795,16486.542,16718.971
Indonesia,Country/Area,238620.554,241834.226,245115.988,248451.714,251805.314,255128.076,258383.257,261556.386,264650.969,267670.549,270625.567,273523.621
Lao People's Democratic Republic,Country/Area,6148.621,6249.168,6347.564,6444.527,6541.302,6639.763,6741.16,6845.848,6953.031,7061.498,7169.456,7275.556
Malaysia,Country/Area,27735.038,28208.028,28650.962,29068.189,29468.923,29866.606,30270.965,30684.652,31104.655,31528.033,31949.789,32365.998
Myanmar,Country/Area,50250.366,50600.827,50990.612,51413.703,51852.464,52280.816,52680.724,53045.199,53382.521,53708.318,54045.422,54409.794
Philippines,Country/Area,92414.161,93966.784,95570.049,97212.639,98871.558,100513.137,102113.206,103663.812,105172.921,106651.394,108116.622,109581.085
Singapore,Country/Area,4966.614,5131.17,5263.64,5369.469,5453.732,5525.628,5592.143,5653.625,5708.042,5757.503,5804.343,5850.343
Thailand,Country/Area,66866.834,67195.032,67518.379,67835.969,68144.519,68438.748,68714.519,68971.313,69209.817,69428.454,69625.581,69799.978
Timor-Leste,Country/Area,1074.286,1093.517,1113.154,1133.002,1153.288,1174.333,1196.294,1219.289,1243.26,1267.975,1293.12,1318.442
Viet Nam,Country/Area,87092.25,87967.655,88871.384,89801.926,90752.593,91713.85,92677.082,93640.435,94600.643,95545.959,96462.108,97338.583
Anguilla,Country/Area,13.248,13.436,13.612,13.794,13.952,14.114,14.279,14.435,14.588,14.738,14.872,15.002
Antigua and Barbuda,Country/Area,86.743,88.03,89.25,90.407,91.51,92.562,93.571,94.52,95.425,96.282,97.115,97.928
Aruba,Country/Area,101.452,101.665,102.05,102.565,103.165,103.776,104.339,104.865,105.361,105.846,106.31,106.766
Bahamas,Country/Area,349.6,354.936,359.583,363.581,367.162,370.625,374.2,377.923,381.749,385.635,389.486,393.248
Barbados,Country/Area,281.107,282.131,282.987,283.698,284.294,284.825,285.327,285.798,286.229,286.64,287.021,287.371
"Bonaire, Sint Eustatius and Saba",Country/Area,19.648,20.941,21.998,22.84,23.512,24.067,24.571,25.017,25.399,25.709,25.983,26.221
British Virgin Islands,Country/Area,27.035,27.796,28.326,28.654,28.85,28.985,29.148,29.355,29.567,29.795,30.033,30.237
Cayman Islands,Country/Area,55.321,56.672,57.877,58.963,59.933,60.848,61.721,62.564,63.382,64.172,64.948,65.72
Cuba,Country/Area,11226.711,11225.833,11236.671,11257.112,11282.722,11306.909,11324.777,11335.108,11339.255,11338.146,11333.484,11326.616
Curaçao,Country/Area,145.364,149.188,152.309,154.812,156.79,158.432,159.85,161.055,161.986,162.753,163.423,164.1
Dominica,Country/Area,70.848,70.877,70.912,70.954,71.019,71.091,71.175,71.307,71.46,71.626,71.808,71.991
Dominican Republic,Country/Area,9576.736,9695.117,9813.219,9930.916,10048.226,10165.182,10281.675,10397.738,10513.111,10627.147,10738.957,10847.904
Grenada,Country/Area,105.787,106.227,106.786,107.452,108.172,108.9,109.603,110.263,110.874,111.449,112.002,112.519
Guadeloupe,Country/Area,405.444,406.073,405.643,404.446,402.826,401.305,400.26,399.76,399.679,399.848,400.048,400.127
Haiti,Country/Area,9798.046,9949.318,10100.32,10250.922,10400.672,10549.007,10695.54,10839.976,10982.367,11123.183,11263.079,11402.533
Jamaica,Country/Area,2795.839,2810.464,2825.932,2842.128,2858.71,2875.137,2891.024,2906.242,2920.848,2934.853,2948.277,2961.161
Martinique,Country/Area,396.561,394.666,391.886,388.366,384.581,381.142,378.483,376.789,375.946,375.672,375.557,375.265
Montserrat,Country/Area,4.891,4.895,4.913,4.93,4.932,4.952,4.966,4.978,4.989,4.993,4.991,4.999
Puerto Rico,Country/Area,3596.532,3579.842,3559.862,3536.57,3503.865,3453.667,3381.512,3283.121,3163.676,3039.598,2933.404,2860.84
Saint Barthélemy,Country/Area,9.115,9.234,9.34,9.446,9.548,9.62,9.696,9.745,9.788,9.824,9.853,9.885
Saint Kitts and Nevis,Country/Area,48.599,49.011,49.442,49.881,50.328,50.776,51.204,51.629,52.036,52.438,52.834,53.192
Saint Lucia,Country/Area,172.223,174.092,175.538,176.654,177.505,178.307,179.131,180.028,180.955,181.89,182.795,183.629
Saint Martin (French part),Country/Area,37.38,37.582,37.451,37.012,36.458,36.018,35.865,36.061,36.569,37.264,38.002,38.659
Saint Vincent and the Grenadines,Country/Area,108.293,108.26,108.315,108.435,108.624,108.868,109.135,109.467,109.826,110.21,110.593,110.947
Sint Maarten (Dutch part),Country/Area,33.65,34.166,35.05,36.238,37.58,38.872,39.967,40.812,41.444,41.936,42.389,42.882
Trinidad and Tobago,Country/Area,1320.921,1328.144,1336.18,1344.814,1353.708,1362.337,1370.332,1377.563,1384.06,1389.841,1394.969,1399.491
Turks and Caicos Islands,Country/Area,31.933,32.658,33.371,34.067,34.733,35.371,35.979,36.558,37.116,37.667,38.194,38.718
United States Virgin Islands,Country/Area,106.416,106.086,105.794,105.524,105.304,105.107,104.95,104.829,104.745,104.672,104.579,104.423
Belize,Country/Area,314.655,322.465,330.236,338.001,345.707,353.366,360.926,368.399,375.775,383.071,390.351,397.621
Costa Rica,Country/Area,4520.739,4577.371,4633.086,4688.003,4742.111,4795.39,4847.805,4899.336,4949.955,4999.443,5047.561,5094.114
El Salvador,Country/Area,6157.678,6183.877,6210.567,6237.922,6266.076,6295.124,6325.121,6356.137,6388.124,6420.74,6453.55,6486.201
Guatemala,Country/Area,14316.251,14630.42,14948.792,15270.774,15595.821,15923.238,16252.425,16583.079,16914.979,17247.855,17581.476,17915.567
Honduras,Country/Area,8150.78,8317.467,8480.67,8640.692,8798.524,8955.579,9112.904,9270.794,9429.016,9587.523,9746.115,9904.608
Mexico,Country/Area,112463.886,114092.961,115695.468,117274.156,118827.158,120355.137,121858.251,123333.379,124777.326,126190.782,127575.529,128932.753
Nicaragua,Country/Area,5745.538,5824.058,5903.035,5982.53,6062.462,6142.734,6223.234,6303.97,6384.843,6465.502,6545.503,6624.554
Panama,Country/Area,3579.215,3642.691,3706.479,3770.635,3835.447,3901.311,3968.49,4037.073,4106.764,4176.868,4246.44,4314.768
Argentina,Country/Area,40482.786,40895.751,41320.497,41755.188,42196.034,42637.508,43075.416,43508.459,43937.143,44361.15,44780.675,45195.777
Bolivia (Plurinational State of),Country/Area,9884.79,10048.597,10212.951,10377.677,10542.375,10706.517,10869.732,11031.822,11192.853,11353.14,11513.102,11673.029
Brazil,Country/Area,193886.505,195713.637,197514.541,199287.292,201035.904,202763.744,204471.759,206163.056,207833.825,209469.32,211049.519,212559.409
Chile,Country/Area,16886.184,17062.531,17233.584,17400.359,17571.511,17758.969,17969.356,18209.072,18470.435,18729.166,18952.035,19116.209
Colombia,Country/Area,44750.054,45222.699,45662.747,46075.721,46495.492,46967.706,47520.667,48175.048,48909.844,49661.056,50339.443,50882.884
Ecuador,Country/Area,14774.412,15011.114,15243.885,15474.099,15707.473,15951.832,16212.022,16491.116,16785.356,17084.359,17373.657,17643.06
Falkland Islands (Malvinas),Country/Area,2.921,2.902,2.863,2.823,2.793,2.787,2.836,2.926,3.074,3.236,3.372,3.483
French Guiana,Country/Area,227.542,232.996,238.383,243.667,249.049,254.78,261.008,267.824,275.189,282.936,290.823,298.682
Guyana,Country/Area,747.718,749.43,752.029,755.388,759.281,763.371,767.433,771.363,775.218,779.007,782.775,786.559
Paraguay,Country/Area,6163.97,6248.017,6333.981,6421.51,6510.273,6599.524,6688.746,6777.878,6867.058,6956.069,7044.639,7132.53
Peru,Country/Area,28792.663,29027.68,29264.314,29506.79,29773.986,30090.372,30470.739,30926.036,31444.299,31989.265,32510.462,32971.846
Suriname,Country/Area,523.113,529.126,535.177,541.247,547.295,553.278,559.136,564.883,570.501,575.987,581.363,586.634
Uruguay,Country/Area,3349.676,3359.273,3368.926,3378.975,3389.436,3400.439,3412.013,3424.139,3436.645,3449.29,3461.731,3473.727
Venezuela (Bolivarian Republic of),Country/Area,28031.01,28439.942,28887.873,29360.827,29781.046,30042.973,30081.827,29851.249,29402.48,28887.117,28515.829,28435.943
Australia,Country/Area,21750.852,22154.687,22538.002,22903.951,23254.912,23596.426,23932.499,24262.71,24584.619,24898.153,25203.2,25499.881
New Zealand,Country/Area,4323.338,4370.06,4418.674,4468.462,4518.519,4567.522,4614.527,4659.265,4702.029,4743.131,4783.062,4822.233
Fiji,Country/Area,853.636,859.816,863.451,865.065,865.602,866.447,868.632,872.406,877.46,883.49,889.955,896.444
New Caledonia,Country/Area,250.082,253.529,257.066,260.657,264.239,267.732,271.062,274.19,277.159,279.986,282.757,285.491
Papua New Guinea,Country/Area,7144.774,7310.512,7472.196,7631.003,7788.388,7946.733,8107.772,8271.766,8438.038,8606.324,8776.119,8947.027
Solomon Islands,Country/Area,515.182,527.861,541.522,556.066,571.329,587.079,603.133,619.438,636.03,652.856,669.821,686.878
Vanuatu,Country/Area,230.244,236.216,242.658,249.505,256.637,263.888,271.128,278.326,285.499,292.675,299.882,307.15
Guam,Country/Area,159.232,159.439,159.69,159.99,160.415,161.007,161.851,162.948,164.281,165.77,167.295,168.783
Kiribati,Country/Area,100.928,102.93,104.735,106.359,107.887,109.387,110.927,112.529,114.153,115.842,117.608,119.446
Marshall Islands,Country/Area,56.255,56.361,56.524,56.712,56.933,57.183,57.444,57.723,58.053,58.412,58.791,59.194
Micronesia (Fed. States of),Country/Area,102.971,102.916,103.448,104.506,105.922,107.444,108.886,110.215,111.461,112.64,113.811,115.021
Nauru,Country/Area,9.945,10.009,10.069,10.136,10.208,10.289,10.374,10.474,10.577,10.678,10.764,10.834
Northern Mariana Islands,Country/Area,54.194,53.971,54.013,54.306,54.786,55.301,55.779,56.187,56.553,56.889,57.213,57.557
Palau,Country/Area,18.29,17.954,17.748,17.635,17.603,17.625,17.665,17.718,17.809,17.911,18.001,18.092
American Samoa,Country/Area,56.675,56.084,55.755,55.669,55.717,55.791,55.806,55.739,55.617,55.461,55.312,55.197
Cook Islands,Country/Area,18.602,18.392,18.2,18.009,17.834,17.685,17.581,17.521,17.505,17.519,17.547,17.564
French Polynesia,Country/Area,265.256,266.449,267.702,268.995,270.332,271.713,273.119,274.576,276.108,277.673,279.285,280.904
Niue,Country/Area,1.622,1.622,1.618,1.606,1.606,1.607,1.61,1.611,1.612,1.61,1.614,1.618
Samoa,Country/Area,184.553,185.944,187.469,189.089,190.712,192.22,193.51,194.54,195.358,196.128,197.093,198.41
Tokelau,Country/Area,1.126,1.129,1.138,1.163,1.191,1.217,1.247,1.276,1.297,1.318,1.33,1.35
Tonga,Country/Area,103.897,103.981,103.558,102.736,101.768,101.023,100.78,101.143,102.002,103.199,104.497,105.697
Tuvalu,Country/Area,10.413,10.521,10.626,10.744,10.849,10.973,11.099,11.232,11.365,11.505,11.655,11.792
Wallis and Futuna Islands,Country/Area,13.071,12.686,12.463,12.369,12.353,12.338,12.262,12.098,11.894,11.653,11.436,11.246
Belarus,Country/Area,9433.159,9420.576,9415.316,9417.045,9423.502,9431.742,9439.424,9445.638,9450.233,9452.615,9452.409,9449.321
Bulgaria,Country/Area,7473.509,7425.011,7378.652,7334.007,7290.092,7245.648,7199.739,7151.948,7102.452,7051.61,7000.117,6948.445
Czechia,Country/Area,10488.155,10536.514,10566.512,10581.302,10586.529,10591.104,10601.39,10618.868,10641.032,10665.679,10689.213,10708.982
Hungary,Country/Area,9959.439,9927.38,9895.689,9864.363,9833.923,9804.991,9777.925,9752.97,9729.822,9707.502,9684.68,9660.35
Poland,Country/Area,38351.924,38329.784,38286.824,38227.033,38158.043,38091.095,38034.076,37989.218,37953.176,37921.585,37887.771,37846.605
Republic of Moldova,Country/Area,4097.515,4086.09,4079.167,4075.804,4074.585,4073.407,4070.705,4066.013,4059.687,4051.95,4043.258,4033.963
Romania,Country/Area,20637.995,20471.86,20336.718,20227.467,20132.78,20035.928,19925.182,19796.28,19653.966,19506.11,19364.558,19237.682
Russian Federation,Country/Area,143326.904,143479.273,143703.027,143993.888,144325.456,144664.837,144985.059,145275.374,145530.091,145734.034,145872.26,145934.46
Slovakia,Country/Area,5401.149,5404.293,5408.932,5414.894,5421.721,5428.798,5435.614,5442.001,5447.903,5453.017,5457.012,5459.643
Ukraine,Country/Area,45970.942,45792.086,45619.85,45453.805,45286.988,45111.53,44921.636,44713.708,44487.708,44246.158,43993.643,43733.759
Channel Islands,Country/Area,158.187,159.718,160.99,162.051,163.039,164.107,165.387,166.922,168.666,170.496,172.264,173.859
Denmark,Country/Area,5526.389,5554.849,5582.98,5610.909,5638.152,5664.199,5688.695,5711.346,5732.277,5752.131,5771.877,5792.203
Estonia,Country/Area,1336.14,1332.103,1327.701,1323.163,1319.068,1316.273,1315.33,1316.507,1319.389,1322.913,1325.649,1326.539
Faroe Islands,Country/Area,47.814,47.803,47.815,47.843,47.901,47.965,48.055,48.173,48.326,48.497,48.677,48.865
Finland,Country/Area,5342.266,5365.784,5390.036,5414.769,5438.984,5461.41,5481.128,5497.714,5511.372,5522.585,5532.159,5540.718
Iceland,Country/Area,316.057,320.342,323.471,325.642,327.194,328.592,330.237,332.209,334.395,336.712,339.037,341.25
Ireland,Country/Area,4494.572,4554.33,4591.115,4608.199,4615.426,4626.852,4652.42,4695.79,4753.281,4818.694,4882.498,4937.796
Isle of Man,Country/Area,84.379,84.856,84.889,84.534,83.985,83.488,83.232,83.296,83.61,84.073,84.589,85.032
Latvia,Country/Area,2144.784,2118.855,2093.606,2069.018,2044.95,2021.22,1997.675,1974.265,1951.097,1928.461,1906.74,1886.202
Lithuania,Country/Area,3167.27,3123.825,3083.402,3045.561,3008.938,2971.498,2931.872,2889.555,2845.419,2801.27,2759.631,2722.291
Norway,Country/Area,4826.847,4885.878,4948.335,5013.716,5079.46,5142.269,5199.827,5250.95,5296.324,5337.96,5378.859,5421.242
Sweden,Country/Area,9313.085,9390.157,9466.705,9542.817,9618.016,9692.137,9764.949,9836.003,9904.895,9971.63,10036.391,10099.27
United Kingdom,Country/Area,62828.62,63459.801,64021.922,64525.3,64984.015,65423.048,65860.149,66297.944,66727.463,67141.678,67530.161,67886.004
Albania,Country/Area,2973.044,2948.029,2928.601,2914.091,2903.788,2896.307,2890.524,2886.427,2884.169,2882.735,2880.913,2877.8
Andorra,Country/Area,84.461,84.454,83.748,82.427,80.77,79.213,77.993,77.295,76.997,77.008,77.146,77.265
Bosnia and Herzegovina,Country/Area,3735.945,3705.478,3661.173,3604.972,3542.598,3482.106,3429.362,3386.263,3351.534,3323.929,3300.998,3280.815
Croatia,Country/Area,4341.261,4328.163,4313.098,4295.869,4276.593,4255.518,4232.874,4208.611,4182.847,4156.407,4130.299,4105.268
Gibraltar,Country/Area,33.562,33.585,33.608,33.653,33.694,33.726,33.742,33.738,33.723,33.715,33.706,33.691
Greece,Country/Area,10959.268,10887.64,10829.074,10781.119,10740.501,10701.46,10659.737,10615.183,10569.449,10522.244,10473.452,10423.056
Holy See,Country/Area,0.787,0.783,0.786,0.786,0.786,0.785,0.79,0.791,0.798,0.81,0.815,0.809
Italy,Country/Area,59105.622,59325.232,59589.07,59879.469,60166.828,60409.622,60578.489,60663.068,60673.694,60627.291,60550.092,60461.828
Malta,Country/Area,411.559,414.257,417.72,421.809,426.144,430.19,433.559,436.099,437.935,439.255,440.377,441.539
Montenegro,Country/Area,622.933,624.279,625.271,625.931,626.342,626.65,626.957,627.271,627.563,627.803,627.988,628.062
North Macedonia,Country/Area,2069.03,2070.737,2072.484,2074.275,2076.065,2077.78,2079.335,2080.746,2081.996,2082.957,2083.458,2083.38
Portugal,Country/Area,10604.066,10596.055,10569.388,10526.308,10473.025,10418.224,10368.346,10325.54,10288.527,10256.192,10226.178,10196.707
San Marino,Country/Area,30.825,31.221,31.655,32.103,32.554,32.941,33.27,33.503,33.671,33.784,33.864,33.938
Serbia,Country/Area,9023.354,8991.258,8963.761,8940.116,8918.892,8898.284,8876.777,8853.963,8829.623,8802.741,8772.228,8737.37
Slovenia,Country/Area,2033.807,2043.336,2051.278,2057.826,2063.12,2067.488,2071.199,2074.205,2076.395,2077.836,2078.654,2078.932
Spain,Country/Area,46583.566,46931.011,47084.242,47063.059,46930.554,46777.927,46671.919,46634.131,46647.425,46692.863,46736.782,46754.783
Austria,Country/Area,8372.658,8409.945,8453.501,8502.23,8556.191,8615.205,8678.667,8747.306,8819.902,8891.383,8955.108,9006.4
Belgium,Country/Area,10859.934,10938.735,11013.86,11085.355,11154.008,11221.225,11287.931,11354.407,11419.752,11482.18,11539.326,11589.616
France,Country/Area,62542.883,62879.535,63222.229,63564.224,63893.521,64193.55,64453.194,64667.59,64842.513,64990.512,65129.731,65273.512
Germany,Country/Area,80899.961,80827.001,80855.629,80972.629,81174.373,81450.37,81787.411,82193.77,82658.409,83124.413,83517.046,83783.945
Liechtenstein,Country/Area,35.723,35.996,36.299,36.615,36.94,37.219,37.465,37.655,37.805,37.918,38.02,38.137
Luxembourg,Country/Area,496.536,507.89,519.312,530.855,542.554,554.512,566.741,579.266,591.914,604.244,615.73,625.976
Monaco,Country/Area,35.223,35.609,36.025,36.459,36.899,37.32,37.723,38.07,38.392,38.682,38.967,39.244
Netherlands,Country/Area,16626.379,16682.927,16738.191,16791.85,16843.512,16892.517,16938.492,16981.285,17021.343,17059.56,17097.123,17134.873
Switzerland,Country/Area,7713.902,7808.674,7906.988,8008.006,8108.876,8206.003,8296.775,8379.915,8455.797,8525.614,8591.361,8654.618
Bermuda,Country/Area,65.675,65.388,65.076,64.737,64.381,64.038,63.695,63.36,63.04,62.763,62.508,62.273
Canada,Country/Area,33746.093,34147.566,34539.156,34922.031,35296.535,35664.338,36026.668,36382.942,36732.091,37074.558,37411.038,37742.157
Greenland,Country/Area,56.729,56.638,56.555,56.477,56.412,56.383,56.378,56.408,56.473,56.565,56.66,56.772
Saint Pierre and Miquelon,Country/Area,6.343,6.361,6.323,6.251,6.168,6.073,5.992,5.933,5.885,5.845,5.821,5.795
United States of America,Country/Area,306307.565,309011.469,311584.051,314043.885,316400.539,318673.422,320878.312,323015.992,325084.758,327096.263,329064.917,331002.647
