Pandemic_covid19,Country,Year,Cases_covid19,Deaths_covid19,lon_covid19,lat_covid19,Pandemic_h1n1,year,Cases_h1n1,Deaths_h1n1,lon_h1n1,lat_h1n1
covid19,Afghanistan,2020.0,363.0,3.0,66.00473366,33.83523073,,,,,,
covid19,Albania,2020.0,851.0,26.0,20.04983396,41.14244989,,,,,,
covid19,Algeria,2020.0,1485.0,113.0,2.61732301,28.15893849,h1n1,2009.0,19.0,0.0,2.61732301,28.15893849
covid19,Andorra,2020.0,720.0,3.0,1.56054378,42.54229102,,,,,,
covid19,Angola,2020.0,11.0,0.0,17.53736768,-12.29336054,,,,,,
covid19,Antigua and Barbuda,2020.0,16.0,0.0,-61.79469343,17.277499600000002,h1n1,2009.0,12.0,0.0,-61.79469343,17.277499600000002
covid19,Argentina,2020.0,1707.0,41.0,-65.17980692,-35.3813488,h1n1,2009.0,14233.0,175.0,-65.17980692,-35.3813488
covid19,Armenia,2020.0,1370.0,0.0,44.92993276,40.28952569,,,,,,
covid19,Aruba,2020.0,19.0,0.0,,,,,,,,
covid19,Australia,2020.0,11286.0,93.0,123.58383789,-12.42993164,h1n1,2009.0,39497.0,39.0,123.58383789,-12.42993164
covid19,Australia,2020.0,11286.0,93.0,123.58383789,-12.42993164,h1n1,2009.0,39497.0,39.0,134.49100008,-25.73288704
covid19,Australia,2020.0,11286.0,93.0,123.58383789,-12.42993164,h1n1,2009.0,39497.0,39.0,73.52051709999998,-53.08724656
covid19,Australia,2020.0,11286.0,93.0,123.58383789,-12.42993164,h1n1,2009.0,39497.0,39.0,104.85189795,-10.6478515
covid19,Australia,2020.0,11286.0,93.0,123.58383789,-12.42993164,h1n1,2009.0,39497.0,39.0,167.94921678,-29.0514609
covid19,Australia,2020.0,11286.0,93.0,134.49100008,-25.73288704,h1n1,2009.0,39497.0,39.0,123.58383789,-12.42993164
covid19,Australia,2020.0,11286.0,93.0,134.49100008,-25.73288704,h1n1,2009.0,39497.0,39.0,134.49100008,-25.73288704
covid19,Australia,2020.0,11286.0,93.0,134.49100008,-25.73288704,h1n1,2009.0,39497.0,39.0,73.52051709999998,-53.08724656
covid19,Australia,2020.0,11286.0,93.0,134.49100008,-25.73288704,h1n1,2009.0,39497.0,39.0,104.85189795,-10.6478515
covid19,Australia,2020.0,11286.0,93.0,134.49100008,-25.73288704,h1n1,2009.0,39497.0,39.0,167.94921678,-29.0514609
covid19,Australia,2020.0,11286.0,93.0,73.52051709999999,-53.08724656,h1n1,2009.0,39497.0,39.0,123.58383789,-12.42993164
covid19,Australia,2020.0,11286.0,93.0,73.52051709999999,-53.08724656,h1n1,2009.0,39497.0,39.0,134.49100008,-25.73288704
covid19,Australia,2020.0,11286.0,93.0,73.52051709999999,-53.08724656,h1n1,2009.0,39497.0,39.0,73.52051709999998,-53.08724656
covid19,Australia,2020.0,11286.0,93.0,73.52051709999999,-53.08724656,h1n1,2009.0,39497.0,39.0,104.85189795,-10.6478515
covid19,Australia,2020.0,11286.0,93.0,73.52051709999999,-53.08724656,h1n1,2009.0,39497.0,39.0,167.94921678,-29.0514609
covid19,Australia,2020.0,11286.0,93.0,104.85189795,-10.6478515,h1n1,2009.0,39497.0,39.0,123.58383789,-12.42993164
covid19,Australia,2020.0,11286.0,93.0,104.85189795,-10.6478515,h1n1,2009.0,39497.0,39.0,134.49100008,-25.73288704
covid19,Australia,2020.0,11286.0,93.0,104.85189795,-10.6478515,h1n1,2009.0,39497.0,39.0,73.52051709999998,-53.08724656
covid19,Australia,2020.0,11286.0,93.0,104.85189795,-10.6478515,h1n1,2009.0,39497.0,39.0,104.85189795,-10.6478515
covid19,Australia,2020.0,11286.0,93.0,104.85189795,-10.6478515,h1n1,2009.0,39497.0,39.0,167.94921678,-29.0514609
covid19,Australia,2020.0,11286.0,93.0,167.94921678,-29.0514609,h1n1,2009.0,39497.0,39.0,123.58383789,-12.42993164
covid19,Australia,2020.0,11286.0,93.0,167.94921678,-29.0514609,h1n1,2009.0,39497.0,39.0,134.49100008,-25.73288704
covid19,Australia,2020.0,11286.0,93.0,167.94921678,-29.0514609,h1n1,2009.0,39497.0,39.0,73.52051709999998,-53.08724656
covid19,Australia,2020.0,11286.0,93.0,167.94921678,-29.0514609,h1n1,2009.0,39497.0,39.0,104.85189795,-10.6478515
covid19,Australia,2020.0,11286.0,93.0,167.94921678,-29.0514609,h1n1,2009.0,39497.0,39.0,167.94921678,-29.0514609
covid19,Austria,2020.0,27808.0,99.0,14.1264761,47.58549439,h1n1,2009.0,149.0,0.0,14.1264761,47.58549439
covid19,Azerbaijan,2020.0,574.0,12.0,47.54599879,40.28827235,,,,,,
covid19,Bahamas,2020.0,26.0,0.0,,,h1n1,2009.0,46.0,0.0,,
covid19,Bahrain,2020.0,4526.0,13.0,50.54196932,26.04205135,h1n1,2009.0,139.0,0.0,50.54196932,26.04205135
covid19,Bangladesh,2020.0,219.0,14.0,90.23812743,23.86731158,h1n1,2009.0,35.0,0.0,90.23812743,23.86731158
covid19,Barbados,2020.0,69.0,0.0,-59.559796999999996,13.18145428,h1n1,2009.0,84.0,0.0,-59.559797,13.18145428
covid19,Belarus,2020.0,709.0,0.0,28.03209307,53.53131377,,,,,,
covid19,Belgium,2020.0,25935.0,456.0,4.64065114,50.63981576,h1n1,2009.0,473.0,0.0,4.64065114,50.63981576
covid19,Belize,2020.0,2.0,0.0,-88.71010486,17.20027509,,,,,,
covid19,Benin,2020.0,23.0,0.0,2.32785254,9.6417597,,,,,,
covid19,Bhutan,2020.0,24.0,0.0,90.40188155,27.41106589,,,,,,
covid19,Bolivia (Plurinational State of),2020.0,187.0,0.0,,,,,,,,
covid19,Bosnia and Herzegovina,2020.0,849.0,6.0,17.76876733,44.17450125,,,,,,
covid19,Brazil,2020.0,9720.0,141.0,-53.09783113,-10.78777702,h1n1,2009.0,3973.0,3.0,-53.09783113,-10.78777702
covid19,Brunei Darussalam,2020.0,848.0,0.0,,,h1n1,2009.0,283.0,0.0,,
covid19,Bulgaria,2020.0,1342.0,31.0,25.21552909,42.76890318,h1n1,2009.0,67.0,0.0,25.21552909,42.76890318
covid19,Burkina Faso,2020.0,487.0,17.0,-1.75456601,12.26953846,,,,,,
covid19,Cabo Verde,2020.0,14.0,1.0,,,,,,,,
covid19,Cambodia,2020.0,550.0,0.0,104.90694325,12.72004786,h1n1,2009.0,32.0,0.0,104.90694325,12.72004786
covid19,Cameroon,2020.0,264.0,0.0,12.73964156,5.69109849,,,,,,
covid19,Canada,2020.0,12502.0,136.0,-98.30777028,61.36206324,h1n1,2009.0,81685.0,194.0,-98.30777028,61.36206324
covid19,Cayman Islands,2020.0,3.0,0.0,,,,,,,,
covid19,Central African Republic,2020.0,20.0,0.0,20.46826831,6.56823297,,,,,,
covid19,Chad,2020.0,8.0,0.0,18.64492513,15.33333758,,,,,,
covid19,Channel Islands,2020.0,1.0,0.0,,,,,,,,
covid19,Chile,2020.0,4370.0,5.0,-71.38256213,-37.73070989,h1n1,2009.0,53937.0,76.0,-71.38256213,-37.73070989
covid19,China,2020.0,3606533.0,122579.0,103.81907349,36.56176546,h1n1,2009.0,11687.0,0.0,103.81907349,36.56176546
covid19,China,2020.0,3606533.0,122579.0,103.81907349,36.56176546,h1n1,2009.0,11687.0,0.0,114.11380454,22.39827737
covid19,China,2020.0,3606533.0,122579.0,103.81907349,36.56176546,h1n1,2009.0,11687.0,0.0,113.50932116,22.22311688
covid19,China,2020.0,3606533.0,122579.0,114.11380454,22.39827737,h1n1,2009.0,11687.0,0.0,103.81907349,36.56176546
covid19,China,2020.0,3606533.0,122579.0,114.11380454,22.39827737,h1n1,2009.0,11687.0,0.0,114.11380454,22.39827737
covid19,China,2020.0,3606533.0,122579.0,114.11380454,22.39827737,h1n1,2009.0,11687.0,0.0,113.50932116,22.22311688
covid19,China,2020.0,3606533.0,122579.0,113.50932116,22.22311688,h1n1,2009.0,11687.0,0.0,103.81907349,36.56176546
covid19,China,2020.0,3606533.0,122579.0,113.50932116,22.22311688,h1n1,2009.0,11687.0,0.0,114.11380454,22.39827737
covid19,China,2020.0,3606533.0,122579.0,113.50932116,22.22311688,h1n1,2009.0,11687.0,0.0,113.50932116,22.22311688
covid19,"China, Hong Kong SAR",2020.0,5646.0,114.0,,,,,,,,
covid19,"China, Macao SAR",2020.0,638.0,0.0,,,,,,,,
covid19,"China, Taiwan Province of China",2020.0,2582.0,43.0,,,,,,,,
covid19,Colombia,2020.0,1618.0,8.0,-73.08114582,3.91383431,h1n1,2009.0,1037.0,19.0,-73.08114582,3.91383431
covid19,Congo,2020.0,25.0,0.0,,,,,,,,
covid19,Costa Rica,2020.0,1006.0,10.0,-84.19208768,9.97634464,h1n1,2009.0,2444.0,24.0,-84.19208768,9.97634464
covid19,Croatia,2020.0,1872.0,6.0,16.40412899,45.08047631,h1n1,2009.0,1.0,0.0,16.40412899,45.08047631
covid19,Cuba,2020.0,202.0,7.0,-79.01605384,21.62289528,h1n1,2009.0,383.0,0.0,-79.01605384,21.62289528
covid19,CuraÃ§ao,2020.0,2.0,0.0,,,,,,,,
covid19,Cyprus,2020.0,764.0,5.0,33.0060022,34.91667211,h1n1,2009.0,280.0,0.0,33.0060022,34.91667211
covid19,Czechia,2020.0,8369.0,5.0,,,,,,,,
covid19,CÃ´te d'Ivoire,2020.0,162.0,0.0,,,,,,,,
covid19,Democratic Republic of the Congo,2020.0,183.0,5.0,23.64396107,-2.87746289,,,,,,
covid19,Denmark,2020.0,15905.0,111.0,10.02800992,55.98125296,h1n1,2009.0,422.0,0.0,10.02800992,55.98125296
covid19,Denmark,2020.0,15905.0,111.0,10.02800992,55.98125296,h1n1,2009.0,422.0,0.0,-6.88095423,62.05385403
covid19,Denmark,2020.0,15905.0,111.0,10.02800992,55.98125296,h1n1,2009.0,422.0,0.0,-41.34191127,74.71051289
covid19,Denmark,2020.0,15905.0,111.0,-6.88095423,62.05385403,h1n1,2009.0,422.0,0.0,10.02800992,55.98125296
covid19,Denmark,2020.0,15905.0,111.0,-6.88095423,62.05385403,h1n1,2009.0,422.0,0.0,-6.88095423,62.05385403
covid19,Denmark,2020.0,15905.0,111.0,-6.88095423,62.05385403,h1n1,2009.0,422.0,0.0,-41.34191127,74.71051289
covid19,Denmark,2020.0,15905.0,111.0,-41.34191127,74.71051289,h1n1,2009.0,422.0,0.0,10.02800992,55.98125296
covid19,Denmark,2020.0,15905.0,111.0,-41.34191127,74.71051289,h1n1,2009.0,422.0,0.0,-6.88095423,62.05385403
covid19,Denmark,2020.0,15905.0,111.0,-41.34191127,74.71051289,h1n1,2009.0,422.0,0.0,-41.34191127,74.71051289
covid19,Djibouti,2020.0,11.0,0.0,42.560675399999994,11.74871806,,,,,,
covid19,Dominica,2020.0,5.0,0.0,-61.357726,15.439470199999999,h1n1,2009.0,14.0,0.0,-61.357726,15.4394702
covid19,Dominican Republic,2020.0,1091.0,20.0,-70.50568896,18.89433082,h1n1,2009.0,1385.0,20.0,-70.50568896,18.89433082
covid19,Ecuador,2020.0,4349.0,84.0,-78.75201922,-1.42381612,h1n1,2009.0,1719.0,0.0,-78.75201922,-1.42381612
covid19,Egypt,2020.0,3118.0,100.0,29.86190099,26.49593311,h1n1,2009.0,488.0,0.0,29.86190099,26.49593311
covid19,El Salvador,2020.0,16.0,0.0,-88.87164469,13.73943744,h1n1,2009.0,2317.0,0.0,-88.87164469,13.73943744
covid19,Equatorial Guinea,2020.0,49.0,0.0,10.34137924,1.70555135,,,,,,
covid19,Eritrea,2020.0,4.0,0.0,38.84617011,15.36186618,,,,,,
covid19,Estonia,2020.0,3052.0,0.0,25.54248537,58.67192972,h1n1,2009.0,103.0,0.0,25.54248537,58.67192972
covid19,Eswatini,2020.0,20.0,0.0,,,,,,,,
covid19,Ethiopia,2020.0,77.0,0.0,39.60080098,8.62278679,h1n1,2009.0,14.0,0.0,39.60080098,8.62278679
covid19,Faroe Islands,2020.0,10.0,0.0,,,,,,,,
covid19,Fiji,2020.0,12.0,0.0,165.45195432,-17.42858032,h1n1,2009.0,13.0,0.0,165.45195432,-17.42858032
covid19,Finland,2020.0,5363.0,4.0,19.95328768,60.21488688,h1n1,2009.0,274.0,0.0,19.95328768,60.21488688
covid19,Finland,2020.0,5363.0,4.0,19.95328768,60.21488688,h1n1,2009.0,274.0,0.0,26.2746656,64.49884603
covid19,Finland,2020.0,5363.0,4.0,26.274665600000002,64.49884603,h1n1,2009.0,274.0,0.0,19.95328768,60.21488688
covid19,Finland,2020.0,5363.0,4.0,26.274665600000002,64.49884603,h1n1,2009.0,274.0,0.0,26.2746656,64.49884603
covid19,France,2020.0,144802.0,4825.0,69.22666758,-49.24895485,h1n1,2009.0,2417.0,0.0,69.22666758,-49.24895485
covid19,France,2020.0,144802.0,4825.0,69.22666758,-49.24895485,h1n1,2009.0,2417.0,0.0,-62.84067779,17.89880451
covid19,France,2020.0,144802.0,4825.0,69.22666758,-49.24895485,h1n1,2009.0,2417.0,0.0,-2.76172945,42.17344011
covid19,France,2020.0,144802.0,4825.0,69.22666758,-49.24895485,h1n1,2009.0,2417.0,0.0,-63.05972851,18.08888611
covid19,France,2020.0,144802.0,4825.0,69.22666758,-49.24895485,h1n1,2009.0,2417.0,0.0,165.68492374,-21.29991806
covid19,France,2020.0,144802.0,4825.0,69.22666758,-49.24895485,h1n1,2009.0,2417.0,0.0,-144.90494387,-14.72227409
covid19,France,2020.0,144802.0,4825.0,69.22666758,-49.24895485,h1n1,2009.0,2417.0,0.0,-56.30319779,46.91918789
covid19,France,2020.0,144802.0,4825.0,69.22666758,-49.24895485,h1n1,2009.0,2417.0,0.0,-177.34834825,-13.88737039
covid19,France,2020.0,144802.0,4825.0,-62.84067779,17.89880451,h1n1,2009.0,2417.0,0.0,69.22666758,-49.24895485
covid19,France,2020.0,144802.0,4825.0,-62.84067779,17.89880451,h1n1,2009.0,2417.0,0.0,-62.84067779,17.89880451
covid19,France,2020.0,144802.0,4825.0,-62.84067779,17.89880451,h1n1,2009.0,2417.0,0.0,-2.76172945,42.17344011
covid19,France,2020.0,144802.0,4825.0,-62.84067779,17.89880451,h1n1,2009.0,2417.0,0.0,-63.05972851,18.08888611
covid19,France,2020.0,144802.0,4825.0,-62.84067779,17.89880451,h1n1,2009.0,2417.0,0.0,165.68492374,-21.29991806
covid19,France,2020.0,144802.0,4825.0,-62.84067779,17.89880451,h1n1,2009.0,2417.0,0.0,-144.90494387,-14.72227409
covid19,France,2020.0,144802.0,4825.0,-62.84067779,17.89880451,h1n1,2009.0,2417.0,0.0,-56.30319779,46.91918789
covid19,France,2020.0,144802.0,4825.0,-62.84067779,17.89880451,h1n1,2009.0,2417.0,0.0,-177.34834825,-13.88737039
covid19,France,2020.0,144802.0,4825.0,-2.76172945,42.17344011,h1n1,2009.0,2417.0,0.0,69.22666758,-49.24895485
covid19,France,2020.0,144802.0,4825.0,-2.76172945,42.17344011,h1n1,2009.0,2417.0,0.0,-62.84067779,17.89880451
covid19,France,2020.0,144802.0,4825.0,-2.76172945,42.17344011,h1n1,2009.0,2417.0,0.0,-2.76172945,42.17344011
covid19,France,2020.0,144802.0,4825.0,-2.76172945,42.17344011,h1n1,2009.0,2417.0,0.0,-63.05972851,18.08888611
covid19,France,2020.0,144802.0,4825.0,-2.76172945,42.17344011,h1n1,2009.0,2417.0,0.0,165.68492374,-21.29991806
covid19,France,2020.0,144802.0,4825.0,-2.76172945,42.17344011,h1n1,2009.0,2417.0,0.0,-144.90494387,-14.72227409
covid19,France,2020.0,144802.0,4825.0,-2.76172945,42.17344011,h1n1,2009.0,2417.0,0.0,-56.30319779,46.91918789
covid19,France,2020.0,144802.0,4825.0,-2.76172945,42.17344011,h1n1,2009.0,2417.0,0.0,-177.34834825,-13.88737039
covid19,France,2020.0,144802.0,4825.0,-63.05972851,18.08888611,h1n1,2009.0,2417.0,0.0,69.22666758,-49.24895485
covid19,France,2020.0,144802.0,4825.0,-63.05972851,18.08888611,h1n1,2009.0,2417.0,0.0,-62.84067779,17.89880451
covid19,France,2020.0,144802.0,4825.0,-63.05972851,18.08888611,h1n1,2009.0,2417.0,0.0,-2.76172945,42.17344011
covid19,France,2020.0,144802.0,4825.0,-63.05972851,18.08888611,h1n1,2009.0,2417.0,0.0,-63.05972851,18.08888611
covid19,France,2020.0,144802.0,4825.0,-63.05972851,18.08888611,h1n1,2009.0,2417.0,0.0,165.68492374,-21.29991806
covid19,France,2020.0,144802.0,4825.0,-63.05972851,18.08888611,h1n1,2009.0,2417.0,0.0,-144.90494387,-14.72227409
covid19,France,2020.0,144802.0,4825.0,-63.05972851,18.08888611,h1n1,2009.0,2417.0,0.0,-56.30319779,46.91918789
covid19,France,2020.0,144802.0,4825.0,-63.05972851,18.08888611,h1n1,2009.0,2417.0,0.0,-177.34834825,-13.88737039
covid19,France,2020.0,144802.0,4825.0,165.68492374,-21.29991806,h1n1,2009.0,2417.0,0.0,69.22666758,-49.24895485
covid19,France,2020.0,144802.0,4825.0,165.68492374,-21.29991806,h1n1,2009.0,2417.0,0.0,-62.84067779,17.89880451
covid19,France,2020.0,144802.0,4825.0,165.68492374,-21.29991806,h1n1,2009.0,2417.0,0.0,-2.76172945,42.17344011
covid19,France,2020.0,144802.0,4825.0,165.68492374,-21.29991806,h1n1,2009.0,2417.0,0.0,-63.05972851,18.08888611
covid19,France,2020.0,144802.0,4825.0,165.68492374,-21.29991806,h1n1,2009.0,2417.0,0.0,165.68492374,-21.29991806
covid19,France,2020.0,144802.0,4825.0,165.68492374,-21.29991806,h1n1,2009.0,2417.0,0.0,-144.90494387,-14.72227409
covid19,France,2020.0,144802.0,4825.0,165.68492374,-21.29991806,h1n1,2009.0,2417.0,0.0,-56.30319779,46.91918789
covid19,France,2020.0,144802.0,4825.0,165.68492374,-21.29991806,h1n1,2009.0,2417.0,0.0,-177.34834825,-13.88737039
covid19,France,2020.0,144802.0,4825.0,-144.90494387,-14.72227409,h1n1,2009.0,2417.0,0.0,69.22666758,-49.24895485
covid19,France,2020.0,144802.0,4825.0,-144.90494387,-14.72227409,h1n1,2009.0,2417.0,0.0,-62.84067779,17.89880451
covid19,France,2020.0,144802.0,4825.0,-144.90494387,-14.72227409,h1n1,2009.0,2417.0,0.0,-2.76172945,42.17344011
covid19,France,2020.0,144802.0,4825.0,-144.90494387,-14.72227409,h1n1,2009.0,2417.0,0.0,-63.05972851,18.08888611
covid19,France,2020.0,144802.0,4825.0,-144.90494387,-14.72227409,h1n1,2009.0,2417.0,0.0,165.68492374,-21.29991806
covid19,France,2020.0,144802.0,4825.0,-144.90494387,-14.72227409,h1n1,2009.0,2417.0,0.0,-144.90494387,-14.72227409
covid19,France,2020.0,144802.0,4825.0,-144.90494387,-14.72227409,h1n1,2009.0,2417.0,0.0,-56.30319779,46.91918789
covid19,France,2020.0,144802.0,4825.0,-144.90494387,-14.72227409,h1n1,2009.0,2417.0,0.0,-177.34834825,-13.88737039
covid19,France,2020.0,144802.0,4825.0,-56.30319779,46.91918789,h1n1,2009.0,2417.0,0.0,69.22666758,-49.24895485
covid19,France,2020.0,144802.0,4825.0,-56.30319779,46.91918789,h1n1,2009.0,2417.0,0.0,-62.84067779,17.89880451
covid19,France,2020.0,144802.0,4825.0,-56.30319779,46.91918789,h1n1,2009.0,2417.0,0.0,-2.76172945,42.17344011
covid19,France,2020.0,144802.0,4825.0,-56.30319779,46.91918789,h1n1,2009.0,2417.0,0.0,-63.05972851,18.08888611
covid19,France,2020.0,144802.0,4825.0,-56.30319779,46.91918789,h1n1,2009.0,2417.0,0.0,165.68492374,-21.29991806
covid19,France,2020.0,144802.0,4825.0,-56.30319779,46.91918789,h1n1,2009.0,2417.0,0.0,-144.90494387,-14.72227409
covid19,France,2020.0,144802.0,4825.0,-56.30319779,46.91918789,h1n1,2009.0,2417.0,0.0,-56.30319779,46.91918789
covid19,France,2020.0,144802.0,4825.0,-56.30319779,46.91918789,h1n1,2009.0,2417.0,0.0,-177.34834825,-13.88737039
covid19,France,2020.0,144802.0,4825.0,-177.34834825,-13.88737039,h1n1,2009.0,2417.0,0.0,69.22666758,-49.24895485
covid19,France,2020.0,144802.0,4825.0,-177.34834825,-13.88737039,h1n1,2009.0,2417.0,0.0,-62.84067779,17.89880451
covid19,France,2020.0,144802.0,4825.0,-177.34834825,-13.88737039,h1n1,2009.0,2417.0,0.0,-2.76172945,42.17344011
covid19,France,2020.0,144802.0,4825.0,-177.34834825,-13.88737039,h1n1,2009.0,2417.0,0.0,-63.05972851,18.08888611
covid19,France,2020.0,144802.0,4825.0,-177.34834825,-13.88737039,h1n1,2009.0,2417.0,0.0,165.68492374,-21.29991806
covid19,France,2020.0,144802.0,4825.0,-177.34834825,-13.88737039,h1n1,2009.0,2417.0,0.0,-144.90494387,-14.72227409
covid19,France,2020.0,144802.0,4825.0,-177.34834825,-13.88737039,h1n1,2009.0,2417.0,0.0,-56.30319779,46.91918789
covid19,France,2020.0,144802.0,4825.0,-177.34834825,-13.88737039,h1n1,2009.0,2417.0,0.0,-177.34834825,-13.88737039
covid19,French Guiana,2020.0,117.0,0.0,,,,,,,,
covid19,Gabon,2020.0,29.0,5.0,11.7886287,-0.58660025,,,,,,
covid19,Gambia,2020.0,11.0,2.0,-15.39601295,13.44965244,,,,,,
covid19,Georgia,2020.0,629.0,0.0,43.50780252,42.16855755,,,,,,
covid19,Germany,2020.0,198142.0,675.0,10.38578051,51.10698181,h1n1,2009.0,3787.0,0.0,10.38578051,51.10698181
covid19,Ghana,2020.0,178.0,6.0,-1.21676566,7.95345644,,,,,,
covid19,Gibraltar,2020.0,7.0,0.0,,,,,,,,
covid19,Greece,2020.0,5987.0,101.0,22.95555794,39.07469623,h1n1,2009.0,735.0,0.0,22.95555794,39.07469623
covid19,Greenland,2020.0,3.0,0.0,,,,,,,,
covid19,Grenada,2020.0,3.0,0.0,-61.68220189,12.11725044,,,,,,
covid19,Guadeloupe,2020.0,187.0,0.0,,,,,,,,
covid19,Guam,2020.0,6.0,0.0,,,,,,,,
covid19,Guatemala,2020.0,114.0,9.0,-90.36482009,15.69403664,h1n1,2009.0,525.0,3.0,-90.36482009,15.69403664
covid19,Guernsey,2020.0,3.0,0.0,,,,,,,,
covid19,Guinea,2020.0,20.0,0.0,-10.94066612,10.43621593,,,,,,
covid19,Guyana,2020.0,89.0,13.0,-58.98202459,4.79378034,h1n1,2009.0,2.0,0.0,-58.98202459,4.79378034
covid19,Haiti,2020.0,19.0,0.0,-72.68527509,18.93502563,,,,,,
covid19,Holy See,2020.0,18.0,0.0,,,,,,,,
covid19,Honduras,2020.0,177.0,0.0,-86.6151661,14.82688165,h1n1,2009.0,1466.0,5.0,-86.6151661,14.82688165
covid19,Hungary,2020.0,1035.0,34.0,19.39559116,47.16277506,h1n1,2009.0,96.0,0.0,19.39559116,47.16277506
covid19,Iceland,2020.0,4667.0,13.0,-18.57396167,64.99575386,h1n1,2009.0,57.0,0.0,-18.57396167,64.99575386
covid19,India,2020.0,3408.0,56.0,79.61197609999999,22.88578212,h1n1,2009.0,686.0,0.0,79.61197609999998,22.88578212
covid19,Indonesia,2020.0,3860.0,292.0,117.24011366,-2.21505456,h1n1,2009.0,46.0,0.0,117.24011366,-2.21505456
covid19,Iran (Islamic Republic of),2020.0,278992.0,16870.0,,,,,,,,
covid19,Iraq,2020.0,2806.0,224.0,43.74353149,33.03970582,h1n1,2009.0,44.0,0.0,43.74353149,33.03970582
covid19,Ireland,2020.0,6651.0,39.0,-8.13793569,53.17544870000001,h1n1,2009.0,390.0,0.0,-8.13793569,53.17544870000001
covid19,Israel,2020.0,8840.0,6.0,35.00444693,31.46110101,h1n1,2009.0,4179.0,0.0,35.00444693,31.46110101
covid19,Israel,2020.0,8840.0,6.0,35.00444693,31.46110101,h1n1,2009.0,4179.0,0.0,35.19628705,31.91613893
covid19,Israel,2020.0,8840.0,6.0,35.19628705,31.91613893,h1n1,2009.0,4179.0,0.0,35.00444693,31.46110101
covid19,Israel,2020.0,8840.0,6.0,35.19628705,31.91613893,h1n1,2009.0,4179.0,0.0,35.19628705,31.91613893
covid19,Italy,2020.0,571928.0,46856.0,12.07001339,42.79662641,h1n1,2009.0,1432.0,0.0,12.07001339,42.79662641
covid19,Jamaica,2020.0,170.0,6.0,-77.31482593,18.15694878,h1n1,2009.0,249.0,0.0,-77.31482593,18.15694878
covid19,Japan,2020.0,18885.0,500.0,138.03089558,37.59230135,h1n1,2009.0,15334.0,0.0,138.03089558,37.59230135
covid19,Jersey,2020.0,6.0,0.0,,,,,,,,
covid19,Jordan,2020.0,755.0,0.0,36.77136104,31.24579091,h1n1,2009.0,130.0,0.0,36.77136104,31.24579091
covid19,Kazakhstan,2020.0,436.0,3.0,67.29149357,48.15688067,,,,,,
covid19,Kenya,2020.0,91.0,0.0,37.79593973,0.59988022,h1n1,2009.0,28.0,0.0,37.79593973,0.59988022
covid19,Kosovo,2020.0,14.0,0.0,20.87249811,42.57078707,,,,,,
covid19,Kuwait,2020.0,2652.0,0.0,47.58700459,29.33431262,h1n1,2009.0,468.0,0.0,47.58700459,29.33431262
covid19,Kyrgyzstan,2020.0,98.0,0.0,74.54165513,41.46221943,,,,,,
covid19,Lao People's Democratic Republic,2020.0,2.0,0.0,,,,,,,,
covid19,Latvia,2020.0,1106.0,0.0,24.91235983,56.85085163,h1n1,2009.0,6.0,0.0,24.91235983,56.85085163
covid19,Lebanon,2020.0,2323.0,49.0,35.88016072,33.92306631,h1n1,2009.0,286.0,0.0,35.88016072,33.92306631
covid19,Liberia,2020.0,20.0,0.0,-9.32207573,6.45278492,,,,,,
covid19,Libya,2020.0,1.0,0.0,18.00866169,27.03094495,h1n1,2009.0,1.0,0.0,18.00866169,27.03094495
covid19,Liechtenstein,2020.0,289.0,0.0,9.53574312,47.13665835,,,,,,
covid19,Lithuania,2020.0,798.0,5.0,23.88719355,55.32610984,h1n1,2009.0,8.0,0.0,23.88719355,55.32610984
covid19,Luxembourg,2020.0,4872.0,46.0,6.07182201,49.76725361,h1n1,2009.0,37.0,0.0,6.07182201,49.76725361
covid19,Madagascar,2020.0,38.0,0.0,46.70473674,-19.37189587,,,,,,
covid19,Malaysia,2020.0,12033.0,53.0,109.69762284,3.78986846,h1n1,2009.0,688.0,0.0,109.69762284,3.78986846
covid19,Maldives,2020.0,179.0,0.0,73.45713004,3.7287092000000004,,,,,,
covid19,Malta,2020.0,680.0,0.0,14.40523316,35.92149632,h1n1,2009.0,26.0,0.0,14.40523316,35.92149632
covid19,Martinique,2020.0,172.0,6.0,,,,,,,,
covid19,Mauritania,2020.0,17.0,0.0,-10.34779815,20.25736706,,,,,,
covid19,Mauritius,2020.0,138.0,7.0,57.57120551,-20.27768704,h1n1,2009.0,9.0,0.0,57.57120551,-20.27768704
covid19,Mayotte,2020.0,21.0,0.0,,,,,,,,
covid19,Mexico,2020.0,1809.0,13.0,-102.52345169,23.94753724,h1n1,2009.0,142567.0,2271.0,-102.52345169,23.94753724
covid19,Monaco,2020.0,139.0,0.0,7.40627677,43.75274627,h1n1,2009.0,1.0,0.0,7.40627677,43.75274627
covid19,Mongolia,2020.0,70.0,0.0,103.05299765,46.82681544,,,,,,
covid19,Montenegro,2020.0,129.0,2.0,19.23883939,42.78890259,h1n1,2009.0,26.0,0.0,19.23883939,42.78890259
covid19,Morocco,2020.0,859.0,32.0,-8.45615795,29.83762955,h1n1,2009.0,94.0,0.0,-8.45615795,29.83762955
covid19,Mozambique,2020.0,5.0,0.0,35.53367543,-17.27381643,,,,,,
covid19,Namibia,2020.0,33.0,0.0,17.20963567,-22.13032568,,,,,,
covid19,Nepal,2020.0,62.0,0.0,83.91582640000001,28.24891365,h1n1,2009.0,16.0,0.0,83.91582640000001,28.24891365
covid19,Netherlands,2020.0,34215.0,1181.0,-69.98267711,12.52088038,h1n1,2009.0,1171.0,0.0,-69.98267711,12.52088038
covid19,Netherlands,2020.0,34215.0,1181.0,-69.98267711,12.52088038,h1n1,2009.0,1171.0,0.0,-68.97119369,12.19551675
covid19,Netherlands,2020.0,34215.0,1181.0,-69.98267711,12.52088038,h1n1,2009.0,1171.0,0.0,5.28144793,52.1007899
covid19,Netherlands,2020.0,34215.0,1181.0,-69.98267711,12.52088038,h1n1,2009.0,1171.0,0.0,-63.05713363,18.05081728
covid19,Netherlands,2020.0,34215.0,1181.0,-68.97119369,12.19551675,h1n1,2009.0,1171.0,0.0,-69.98267711,12.52088038
covid19,Netherlands,2020.0,34215.0,1181.0,-68.97119369,12.19551675,h1n1,2009.0,1171.0,0.0,-68.97119369,12.19551675
covid19,Netherlands,2020.0,34215.0,1181.0,-68.97119369,12.19551675,h1n1,2009.0,1171.0,0.0,5.28144793,52.1007899
covid19,Netherlands,2020.0,34215.0,1181.0,-68.97119369,12.19551675,h1n1,2009.0,1171.0,0.0,-63.05713363,18.05081728
covid19,Netherlands,2020.0,34215.0,1181.0,5.28144793,52.100789899999995,h1n1,2009.0,1171.0,0.0,-69.98267711,12.52088038
covid19,Netherlands,2020.0,34215.0,1181.0,5.28144793,52.100789899999995,h1n1,2009.0,1171.0,0.0,-68.97119369,12.19551675
covid19,Netherlands,2020.0,34215.0,1181.0,5.28144793,52.100789899999995,h1n1,2009.0,1171.0,0.0,5.28144793,52.1007899
covid19,Netherlands,2020.0,34215.0,1181.0,5.28144793,52.100789899999995,h1n1,2009.0,1171.0,0.0,-63.05713363,18.05081728
covid19,Netherlands,2020.0,34215.0,1181.0,-63.05713363,18.05081728,h1n1,2009.0,1171.0,0.0,-69.98267711,12.52088038
covid19,Netherlands,2020.0,34215.0,1181.0,-63.05713363,18.05081728,h1n1,2009.0,1171.0,0.0,-68.97119369,12.19551675
covid19,Netherlands,2020.0,34215.0,1181.0,-63.05713363,18.05081728,h1n1,2009.0,1171.0,0.0,5.28144793,52.1007899
covid19,Netherlands,2020.0,34215.0,1181.0,-63.05713363,18.05081728,h1n1,2009.0,1171.0,0.0,-63.05713363,18.05081728
covid19,New Zealand,2020.0,582.0,0.0,-159.78724218,-21.21927288,h1n1,2009.0,4957.0,3.0,-159.78724218,-21.21927288
covid19,New Zealand,2020.0,582.0,0.0,-159.78724218,-21.21927288,h1n1,2009.0,4957.0,3.0,-169.86994682,-19.04945708
covid19,New Zealand,2020.0,582.0,0.0,-159.78724218,-21.21927288,h1n1,2009.0,4957.0,3.0,171.48492347,-41.81113557
covid19,New Zealand,2020.0,582.0,0.0,-169.86994682,-19.04945708,h1n1,2009.0,4957.0,3.0,-159.78724218,-21.21927288
covid19,New Zealand,2020.0,582.0,0.0,-169.86994682,-19.04945708,h1n1,2009.0,4957.0,3.0,-169.86994682,-19.04945708
covid19,New Zealand,2020.0,582.0,0.0,-169.86994682,-19.04945708,h1n1,2009.0,4957.0,3.0,171.48492347,-41.81113557
covid19,New Zealand,2020.0,582.0,0.0,171.48492347,-41.81113557,h1n1,2009.0,4957.0,3.0,-159.78724218,-21.21927288
covid19,New Zealand,2020.0,582.0,0.0,171.48492347,-41.81113557,h1n1,2009.0,4957.0,3.0,-169.86994682,-19.04945708
covid19,New Zealand,2020.0,582.0,0.0,171.48492347,-41.81113557,h1n1,2009.0,4957.0,3.0,171.48492347,-41.81113557
covid19,Nicaragua,2020.0,10.0,0.0,-85.0305297,12.84709429,h1n1,2009.0,2345.0,0.0,-85.0305297,12.84709429
covid19,Niger,2020.0,10.0,0.0,9.38545882,17.41912493,,,,,,
covid19,Nigeria,2020.0,193.0,2.0,8.08943895,9.59411452,,,,,,
covid19,North Ireland,2020.0,1.0,0.0,,,,,,,,
covid19,North Macedonia,2020.0,762.0,5.0,,,,,,,,
covid19,Norway,2020.0,23756.0,68.0,15.34834656,68.75015572,h1n1,2009.0,330.0,0.0,15.34834656,68.75015572
covid19,Oman,2020.0,693.0,0.0,56.09166155,20.60515333,h1n1,2009.0,25.0,0.0,56.09166155,20.60515333
covid19,Others,2020.0,26228.0,189.0,,,,,,,,
covid19,Pakistan,2020.0,5203.0,25.0,69.33957937,29.9497515,,,,,,
covid19,Palestine,2020.0,86.0,0.0,,,,,,,,
covid19,Panama,2020.0,1753.0,23.0,-80.11915156,8.51750797,h1n1,2009.0,5176.0,0.0,-80.11915156,8.51750797
covid19,Papua New Guinea,2020.0,5.0,0.0,145.20744752,-6.46416646,h1n1,2009.0,8.0,0.0,145.20744752,-6.46416646
covid19,Paraguay,2020.0,172.0,5.0,-58.40013703,-23.22823913,h1n1,2009.0,738.0,1.0,-58.40013703,-23.22823913
covid19,Peru,2020.0,2469.0,25.0,-74.38242685,-9.15280381,h1n1,2009.0,3856.0,0.0,-74.38242685,-9.15280381
covid19,Philippines,2020.0,3266.0,255.0,122.88393253,11.77536778,h1n1,2009.0,7269.0,6.0,122.88393253,11.77536778
covid19,Poland,2020.0,4697.0,63.0,19.39012835,52.12759564,h1n1,2009.0,185.0,0.0,19.39012835,52.12759564
covid19,Portugal,2020.0,11129.0,94.0,-8.50104361,39.59550671,h1n1,2009.0,145.0,0.0,-8.50104361,39.59550671
covid19,Puerto Rico,2020.0,3.0,0.0,,,,,,,,
covid19,Qatar,2020.0,5947.0,0.0,51.18479632,25.30601188,h1n1,2009.0,87.0,0.0,51.18479632,25.30601188
covid19,Republic of Korea,2020.0,190800.0,1670.0,,,,,,,,
covid19,Republic of Moldova,2020.0,658.0,7.0,,,,,,,,
covid19,Reunion,2020.0,137.0,0.0,,,,,,,,
covid19,Romania,2020.0,3894.0,21.0,24.97293039,45.85243127,h1n1,2009.0,291.0,0.0,24.97293039,45.85243127
covid19,Russian Federation,2020.0,2769.0,6.0,,,,,,,,
covid19,Rwanda,2020.0,159.0,0.0,29.91988515,-1.99033832,,,,,,
covid19,Saint BarthÃ©lemy,2020.0,17.0,0.0,,,,,,,,
covid19,Saint Lucia,2020.0,23.0,0.0,-60.96969923,13.89479481,h1n1,2009.0,3.0,0.0,-60.96969923,13.89479481
covid19,Saint Martin (French part),2020.0,4.0,0.0,,,,,,,,
covid19,Saint Vincent and the Grenadines,2020.0,11.0,0.0,-61.20129695,13.22472269,,,,,,
covid19,San Marino,2020.0,1911.0,160.0,12.45922334,43.94186747,,,,,,
covid19,Saudi Arabia,2020.0,3732.0,1.0,44.53686271,24.12245841,h1n1,2009.0,536.0,0.0,44.53686271,24.12245841
covid19,Senegal,2020.0,512.0,0.0,-14.4734924,14.36624173,,,,,,
covid19,Serbia,2020.0,1555.0,10.0,,,h1n1,2009.0,49.0,0.0,,
covid19,Seychelles,2020.0,56.0,0.0,55.47603279,-4.66099094,,,,,,
covid19,Singapore,2020.0,7627.0,8.0,103.81725592,1.35876087,h1n1,2009.0,4157.0,0.0,103.81725592,1.35876087
covid19,Slovakia,2020.0,1424.0,4.0,19.47905218,48.70547528,h1n1,2009.0,101.0,0.0,19.47905218,48.70547528
covid19,Slovenia,2020.0,3915.0,17.0,14.80444238,46.11554772,h1n1,2009.0,32.0,0.0,14.80444238,46.11554772
covid19,Somalia,2020.0,9.0,0.0,45.70714487,4.75062876,,,,,,
covid19,South Africa,2020.0,2221.0,0.0,25.08390093,-29.00034095,h1n1,2009.0,36.0,0.0,25.08390093,-29.00034095
covid19,Spain,2020.0,232288.0,12448.0,-3.64755047,40.24448698,h1n1,2009.0,8614.0,3.0,-3.64755047,40.24448698
covid19,Sri Lanka,2020.0,696.0,0.0,80.70108238,7.61266509,h1n1,2009.0,78.0,0.0,80.70108238,7.61266509
covid19,State of Palestine,2020.0,25.0,0.0,,,,,,,,
covid19,Sudan,2020.0,20.0,12.0,29.94046812,15.99035669,,,,,,
covid19,Suriname,2020.0,31.0,0.0,-55.9123457,4.13055413,h1n1,2009.0,88.0,0.0,-55.9123457,4.13055413
covid19,Sweden,2020.0,19873.0,160.0,16.74558049,62.77966519,h1n1,2009.0,678.0,0.0,16.74558049,62.77966519
covid19,Switzerland,2020.0,58069.0,635.0,8.20867471,46.79785878,h1n1,2009.0,555.0,0.0,8.20867471,46.79785878
covid19,Syrian Arab Republic,2020.0,3.0,0.0,,,,,,,,
covid19,Thailand,2020.0,5583.0,27.0,101.0028813,15.11815794,h1n1,2009.0,8726.0,13.0,101.0028813,15.11815794
covid19,Timor-Leste,2020.0,4.0,0.0,,,,,,,,
covid19,Togo,2020.0,93.0,0.0,0.96232845,8.52531356,,,,,,
covid19,Trinidad and Tobago,2020.0,245.0,0.0,-61.26567923,10.45733408,h1n1,2009.0,330.0,0.0,-61.26567923,10.45733408
covid19,Tunisia,2020.0,583.0,13.0,9.55288359,34.11956246,h1n1,2009.0,17.0,0.0,9.55288359,34.11956246
covid19,Turkey,2020.0,6039.0,129.0,35.16895346,39.0616029,h1n1,2009.0,323.0,0.0,35.16895346,39.0616029
covid19,Uganda,2020.0,20.0,0.0,32.36907971,1.27469299,h1n1,2009.0,2.0,0.0,32.36907971,1.27469299
covid19,Ukraine,2020.0,389.0,25.0,31.38326469,48.99656673,h1n1,2009.0,13.0,0.0,31.38326469,48.99656673
covid19,United Arab Emirates,2020.0,2411.0,10.0,54.300167099999996,23.90528188,h1n1,2009.0,51.0,0.0,54.3001671,23.90528188
covid19,United Kingdom,2020.0,44503.0,1859.0,-63.06498927,18.2239595,h1n1,2009.0,43708.0,15.0,-63.06498927,18.2239595
covid19,United Kingdom,2020.0,44503.0,1859.0,-63.06498927,18.2239595,h1n1,2009.0,43708.0,15.0,-64.7545589,32.31367802
covid19,United Kingdom,2020.0,44503.0,1859.0,-63.06498927,18.2239595,h1n1,2009.0,43708.0,15.0,-80.91213321,19.42896497
covid19,United Kingdom,2020.0,44503.0,1859.0,-63.06498927,18.2239595,h1n1,2009.0,43708.0,15.0,-59.35238956,-51.74483954
covid19,United Kingdom,2020.0,44503.0,1859.0,-63.06498927,18.2239595,h1n1,2009.0,43708.0,15.0,-2.86563164,54.12387156
covid19,United Kingdom,2020.0,44503.0,1859.0,-63.06498927,18.2239595,h1n1,2009.0,43708.0,15.0,-2.57239064,49.46809761
covid19,United Kingdom,2020.0,44503.0,1859.0,-63.06498927,18.2239595,h1n1,2009.0,43708.0,15.0,-4.53873952,54.22418911
covid19,United Kingdom,2020.0,44503.0,1859.0,-63.06498927,18.2239595,h1n1,2009.0,43708.0,15.0,72.44541229,-7.33059751
covid19,United Kingdom,2020.0,44503.0,1859.0,-63.06498927,18.2239595,h1n1,2009.0,43708.0,15.0,-2.12689938,49.21837377
covid19,United Kingdom,2020.0,44503.0,1859.0,-63.06498927,18.2239595,h1n1,2009.0,43708.0,15.0,-62.18518546,16.73941406
covid19,United Kingdom,2020.0,44503.0,1859.0,-63.06498927,18.2239595,h1n1,2009.0,43708.0,15.0,-128.31704202,-24.36500535
covid19,United Kingdom,2020.0,44503.0,1859.0,-63.06498927,18.2239595,h1n1,2009.0,43708.0,15.0,-36.43318388,-54.46488248
covid19,United Kingdom,2020.0,44503.0,1859.0,-63.06498927,18.2239595,h1n1,2009.0,43708.0,15.0,-9.54779416,-12.40355951
covid19,United Kingdom,2020.0,44503.0,1859.0,-63.06498927,18.2239595,h1n1,2009.0,43708.0,15.0,-71.97387881,21.83047572
covid19,United Kingdom,2020.0,44503.0,1859.0,-63.06498927,18.2239595,h1n1,2009.0,43708.0,15.0,-64.47146992,18.52585755
covid19,United Kingdom,2020.0,44503.0,1859.0,-64.7545589,32.31367802,h1n1,2009.0,43708.0,15.0,-63.06498927,18.2239595
covid19,United Kingdom,2020.0,44503.0,1859.0,-64.7545589,32.31367802,h1n1,2009.0,43708.0,15.0,-64.7545589,32.31367802
covid19,United Kingdom,2020.0,44503.0,1859.0,-64.7545589,32.31367802,h1n1,2009.0,43708.0,15.0,-80.91213321,19.42896497
covid19,United Kingdom,2020.0,44503.0,1859.0,-64.7545589,32.31367802,h1n1,2009.0,43708.0,15.0,-59.35238956,-51.74483954
covid19,United Kingdom,2020.0,44503.0,1859.0,-64.7545589,32.31367802,h1n1,2009.0,43708.0,15.0,-2.86563164,54.12387156
covid19,United Kingdom,2020.0,44503.0,1859.0,-64.7545589,32.31367802,h1n1,2009.0,43708.0,15.0,-2.57239064,49.46809761
covid19,United Kingdom,2020.0,44503.0,1859.0,-64.7545589,32.31367802,h1n1,2009.0,43708.0,15.0,-4.53873952,54.22418911
covid19,United Kingdom,2020.0,44503.0,1859.0,-64.7545589,32.31367802,h1n1,2009.0,43708.0,15.0,72.44541229,-7.33059751
covid19,United Kingdom,2020.0,44503.0,1859.0,-64.7545589,32.31367802,h1n1,2009.0,43708.0,15.0,-2.12689938,49.21837377
covid19,United Kingdom,2020.0,44503.0,1859.0,-64.7545589,32.31367802,h1n1,2009.0,43708.0,15.0,-62.18518546,16.73941406
covid19,United Kingdom,2020.0,44503.0,1859.0,-64.7545589,32.31367802,h1n1,2009.0,43708.0,15.0,-128.31704202,-24.36500535
covid19,United Kingdom,2020.0,44503.0,1859.0,-64.7545589,32.31367802,h1n1,2009.0,43708.0,15.0,-36.43318388,-54.46488248
covid19,United Kingdom,2020.0,44503.0,1859.0,-64.7545589,32.31367802,h1n1,2009.0,43708.0,15.0,-9.54779416,-12.40355951
covid19,United Kingdom,2020.0,44503.0,1859.0,-64.7545589,32.31367802,h1n1,2009.0,43708.0,15.0,-71.97387881,21.83047572
covid19,United Kingdom,2020.0,44503.0,1859.0,-64.7545589,32.31367802,h1n1,2009.0,43708.0,15.0,-64.47146992,18.52585755
covid19,United Kingdom,2020.0,44503.0,1859.0,-80.91213321,19.42896497,h1n1,2009.0,43708.0,15.0,-63.06498927,18.2239595
covid19,United Kingdom,2020.0,44503.0,1859.0,-80.91213321,19.42896497,h1n1,2009.0,43708.0,15.0,-64.7545589,32.31367802
covid19,United Kingdom,2020.0,44503.0,1859.0,-80.91213321,19.42896497,h1n1,2009.0,43708.0,15.0,-80.91213321,19.42896497
covid19,United Kingdom,2020.0,44503.0,1859.0,-80.91213321,19.42896497,h1n1,2009.0,43708.0,15.0,-59.35238956,-51.74483954
covid19,United Kingdom,2020.0,44503.0,1859.0,-80.91213321,19.42896497,h1n1,2009.0,43708.0,15.0,-2.86563164,54.12387156
covid19,United Kingdom,2020.0,44503.0,1859.0,-80.91213321,19.42896497,h1n1,2009.0,43708.0,15.0,-2.57239064,49.46809761
covid19,United Kingdom,2020.0,44503.0,1859.0,-80.91213321,19.42896497,h1n1,2009.0,43708.0,15.0,-4.53873952,54.22418911
covid19,United Kingdom,2020.0,44503.0,1859.0,-80.91213321,19.42896497,h1n1,2009.0,43708.0,15.0,72.44541229,-7.33059751
covid19,United Kingdom,2020.0,44503.0,1859.0,-80.91213321,19.42896497,h1n1,2009.0,43708.0,15.0,-2.12689938,49.21837377
covid19,United Kingdom,2020.0,44503.0,1859.0,-80.91213321,19.42896497,h1n1,2009.0,43708.0,15.0,-62.18518546,16.73941406
covid19,United Kingdom,2020.0,44503.0,1859.0,-80.91213321,19.42896497,h1n1,2009.0,43708.0,15.0,-128.31704202,-24.36500535
covid19,United Kingdom,2020.0,44503.0,1859.0,-80.91213321,19.42896497,h1n1,2009.0,43708.0,15.0,-36.43318388,-54.46488248
covid19,United Kingdom,2020.0,44503.0,1859.0,-80.91213321,19.42896497,h1n1,2009.0,43708.0,15.0,-9.54779416,-12.40355951
covid19,United Kingdom,2020.0,44503.0,1859.0,-80.91213321,19.42896497,h1n1,2009.0,43708.0,15.0,-71.97387881,21.83047572
covid19,United Kingdom,2020.0,44503.0,1859.0,-80.91213321,19.42896497,h1n1,2009.0,43708.0,15.0,-64.47146992,18.52585755
covid19,United Kingdom,2020.0,44503.0,1859.0,-59.35238956,-51.74483954,h1n1,2009.0,43708.0,15.0,-63.06498927,18.2239595
covid19,United Kingdom,2020.0,44503.0,1859.0,-59.35238956,-51.74483954,h1n1,2009.0,43708.0,15.0,-64.7545589,32.31367802
covid19,United Kingdom,2020.0,44503.0,1859.0,-59.35238956,-51.74483954,h1n1,2009.0,43708.0,15.0,-80.91213321,19.42896497
covid19,United Kingdom,2020.0,44503.0,1859.0,-59.35238956,-51.74483954,h1n1,2009.0,43708.0,15.0,-59.35238956,-51.74483954
covid19,United Kingdom,2020.0,44503.0,1859.0,-59.35238956,-51.74483954,h1n1,2009.0,43708.0,15.0,-2.86563164,54.12387156
covid19,United Kingdom,2020.0,44503.0,1859.0,-59.35238956,-51.74483954,h1n1,2009.0,43708.0,15.0,-2.57239064,49.46809761
covid19,United Kingdom,2020.0,44503.0,1859.0,-59.35238956,-51.74483954,h1n1,2009.0,43708.0,15.0,-4.53873952,54.22418911
covid19,United Kingdom,2020.0,44503.0,1859.0,-59.35238956,-51.74483954,h1n1,2009.0,43708.0,15.0,72.44541229,-7.33059751
covid19,United Kingdom,2020.0,44503.0,1859.0,-59.35238956,-51.74483954,h1n1,2009.0,43708.0,15.0,-2.12689938,49.21837377
covid19,United Kingdom,2020.0,44503.0,1859.0,-59.35238956,-51.74483954,h1n1,2009.0,43708.0,15.0,-62.18518546,16.73941406
covid19,United Kingdom,2020.0,44503.0,1859.0,-59.35238956,-51.74483954,h1n1,2009.0,43708.0,15.0,-128.31704202,-24.36500535
covid19,United Kingdom,2020.0,44503.0,1859.0,-59.35238956,-51.74483954,h1n1,2009.0,43708.0,15.0,-36.43318388,-54.46488248
covid19,United Kingdom,2020.0,44503.0,1859.0,-59.35238956,-51.74483954,h1n1,2009.0,43708.0,15.0,-9.54779416,-12.40355951
covid19,United Kingdom,2020.0,44503.0,1859.0,-59.35238956,-51.74483954,h1n1,2009.0,43708.0,15.0,-71.97387881,21.83047572
covid19,United Kingdom,2020.0,44503.0,1859.0,-59.35238956,-51.74483954,h1n1,2009.0,43708.0,15.0,-64.47146992,18.52585755
covid19,United Kingdom,2020.0,44503.0,1859.0,-2.86563164,54.12387156,h1n1,2009.0,43708.0,15.0,-63.06498927,18.2239595
covid19,United Kingdom,2020.0,44503.0,1859.0,-2.86563164,54.12387156,h1n1,2009.0,43708.0,15.0,-64.7545589,32.31367802
covid19,United Kingdom,2020.0,44503.0,1859.0,-2.86563164,54.12387156,h1n1,2009.0,43708.0,15.0,-80.91213321,19.42896497
covid19,United Kingdom,2020.0,44503.0,1859.0,-2.86563164,54.12387156,h1n1,2009.0,43708.0,15.0,-59.35238956,-51.74483954
covid19,United Kingdom,2020.0,44503.0,1859.0,-2.86563164,54.12387156,h1n1,2009.0,43708.0,15.0,-2.86563164,54.12387156
covid19,United Kingdom,2020.0,44503.0,1859.0,-2.86563164,54.12387156,h1n1,2009.0,43708.0,15.0,-2.57239064,49.46809761
covid19,United Kingdom,2020.0,44503.0,1859.0,-2.86563164,54.12387156,h1n1,2009.0,43708.0,15.0,-4.53873952,54.22418911
covid19,United Kingdom,2020.0,44503.0,1859.0,-2.86563164,54.12387156,h1n1,2009.0,43708.0,15.0,72.44541229,-7.33059751
covid19,United Kingdom,2020.0,44503.0,1859.0,-2.86563164,54.12387156,h1n1,2009.0,43708.0,15.0,-2.12689938,49.21837377
covid19,United Kingdom,2020.0,44503.0,1859.0,-2.86563164,54.12387156,h1n1,2009.0,43708.0,15.0,-62.18518546,16.73941406
covid19,United Kingdom,2020.0,44503.0,1859.0,-2.86563164,54.12387156,h1n1,2009.0,43708.0,15.0,-128.31704202,-24.36500535
covid19,United Kingdom,2020.0,44503.0,1859.0,-2.86563164,54.12387156,h1n1,2009.0,43708.0,15.0,-36.43318388,-54.46488248
covid19,United Kingdom,2020.0,44503.0,1859.0,-2.86563164,54.12387156,h1n1,2009.0,43708.0,15.0,-9.54779416,-12.40355951
covid19,United Kingdom,2020.0,44503.0,1859.0,-2.86563164,54.12387156,h1n1,2009.0,43708.0,15.0,-71.97387881,21.83047572
covid19,United Kingdom,2020.0,44503.0,1859.0,-2.86563164,54.12387156,h1n1,2009.0,43708.0,15.0,-64.47146992,18.52585755
covid19,United Kingdom,2020.0,44503.0,1859.0,-2.57239064,49.46809761,h1n1,2009.0,43708.0,15.0,-63.06498927,18.2239595
covid19,United Kingdom,2020.0,44503.0,1859.0,-2.57239064,49.46809761,h1n1,2009.0,43708.0,15.0,-64.7545589,32.31367802
covid19,United Kingdom,2020.0,44503.0,1859.0,-2.57239064,49.46809761,h1n1,2009.0,43708.0,15.0,-80.91213321,19.42896497
covid19,United Kingdom,2020.0,44503.0,1859.0,-2.57239064,49.46809761,h1n1,2009.0,43708.0,15.0,-59.35238956,-51.74483954
covid19,United Kingdom,2020.0,44503.0,1859.0,-2.57239064,49.46809761,h1n1,2009.0,43708.0,15.0,-2.86563164,54.12387156
covid19,United Kingdom,2020.0,44503.0,1859.0,-2.57239064,49.46809761,h1n1,2009.0,43708.0,15.0,-2.57239064,49.46809761
covid19,United Kingdom,2020.0,44503.0,1859.0,-2.57239064,49.46809761,h1n1,2009.0,43708.0,15.0,-4.53873952,54.22418911
covid19,United Kingdom,2020.0,44503.0,1859.0,-2.57239064,49.46809761,h1n1,2009.0,43708.0,15.0,72.44541229,-7.33059751
covid19,United Kingdom,2020.0,44503.0,1859.0,-2.57239064,49.46809761,h1n1,2009.0,43708.0,15.0,-2.12689938,49.21837377
covid19,United Kingdom,2020.0,44503.0,1859.0,-2.57239064,49.46809761,h1n1,2009.0,43708.0,15.0,-62.18518546,16.73941406
covid19,United Kingdom,2020.0,44503.0,1859.0,-2.57239064,49.46809761,h1n1,2009.0,43708.0,15.0,-128.31704202,-24.36500535
covid19,United Kingdom,2020.0,44503.0,1859.0,-2.57239064,49.46809761,h1n1,2009.0,43708.0,15.0,-36.43318388,-54.46488248
covid19,United Kingdom,2020.0,44503.0,1859.0,-2.57239064,49.46809761,h1n1,2009.0,43708.0,15.0,-9.54779416,-12.40355951
covid19,United Kingdom,2020.0,44503.0,1859.0,-2.57239064,49.46809761,h1n1,2009.0,43708.0,15.0,-71.97387881,21.83047572
covid19,United Kingdom,2020.0,44503.0,1859.0,-2.57239064,49.46809761,h1n1,2009.0,43708.0,15.0,-64.47146992,18.52585755
covid19,United Kingdom,2020.0,44503.0,1859.0,-4.53873952,54.22418911,h1n1,2009.0,43708.0,15.0,-63.06498927,18.2239595
covid19,United Kingdom,2020.0,44503.0,1859.0,-4.53873952,54.22418911,h1n1,2009.0,43708.0,15.0,-64.7545589,32.31367802
covid19,United Kingdom,2020.0,44503.0,1859.0,-4.53873952,54.22418911,h1n1,2009.0,43708.0,15.0,-80.91213321,19.42896497
covid19,United Kingdom,2020.0,44503.0,1859.0,-4.53873952,54.22418911,h1n1,2009.0,43708.0,15.0,-59.35238956,-51.74483954
covid19,United Kingdom,2020.0,44503.0,1859.0,-4.53873952,54.22418911,h1n1,2009.0,43708.0,15.0,-2.86563164,54.12387156
covid19,United Kingdom,2020.0,44503.0,1859.0,-4.53873952,54.22418911,h1n1,2009.0,43708.0,15.0,-2.57239064,49.46809761
covid19,United Kingdom,2020.0,44503.0,1859.0,-4.53873952,54.22418911,h1n1,2009.0,43708.0,15.0,-4.53873952,54.22418911
covid19,United Kingdom,2020.0,44503.0,1859.0,-4.53873952,54.22418911,h1n1,2009.0,43708.0,15.0,72.44541229,-7.33059751
covid19,United Kingdom,2020.0,44503.0,1859.0,-4.53873952,54.22418911,h1n1,2009.0,43708.0,15.0,-2.12689938,49.21837377
covid19,United Kingdom,2020.0,44503.0,1859.0,-4.53873952,54.22418911,h1n1,2009.0,43708.0,15.0,-62.18518546,16.73941406
covid19,United Kingdom,2020.0,44503.0,1859.0,-4.53873952,54.22418911,h1n1,2009.0,43708.0,15.0,-128.31704202,-24.36500535
covid19,United Kingdom,2020.0,44503.0,1859.0,-4.53873952,54.22418911,h1n1,2009.0,43708.0,15.0,-36.43318388,-54.46488248
covid19,United Kingdom,2020.0,44503.0,1859.0,-4.53873952,54.22418911,h1n1,2009.0,43708.0,15.0,-9.54779416,-12.40355951
covid19,United Kingdom,2020.0,44503.0,1859.0,-4.53873952,54.22418911,h1n1,2009.0,43708.0,15.0,-71.97387881,21.83047572
covid19,United Kingdom,2020.0,44503.0,1859.0,-4.53873952,54.22418911,h1n1,2009.0,43708.0,15.0,-64.47146992,18.52585755
covid19,United Kingdom,2020.0,44503.0,1859.0,72.44541229,-7.33059751,h1n1,2009.0,43708.0,15.0,-63.06498927,18.2239595
covid19,United Kingdom,2020.0,44503.0,1859.0,72.44541229,-7.33059751,h1n1,2009.0,43708.0,15.0,-64.7545589,32.31367802
covid19,United Kingdom,2020.0,44503.0,1859.0,72.44541229,-7.33059751,h1n1,2009.0,43708.0,15.0,-80.91213321,19.42896497
covid19,United Kingdom,2020.0,44503.0,1859.0,72.44541229,-7.33059751,h1n1,2009.0,43708.0,15.0,-59.35238956,-51.74483954
covid19,United Kingdom,2020.0,44503.0,1859.0,72.44541229,-7.33059751,h1n1,2009.0,43708.0,15.0,-2.86563164,54.12387156
covid19,United Kingdom,2020.0,44503.0,1859.0,72.44541229,-7.33059751,h1n1,2009.0,43708.0,15.0,-2.57239064,49.46809761
covid19,United Kingdom,2020.0,44503.0,1859.0,72.44541229,-7.33059751,h1n1,2009.0,43708.0,15.0,-4.53873952,54.22418911
covid19,United Kingdom,2020.0,44503.0,1859.0,72.44541229,-7.33059751,h1n1,2009.0,43708.0,15.0,72.44541229,-7.33059751
covid19,United Kingdom,2020.0,44503.0,1859.0,72.44541229,-7.33059751,h1n1,2009.0,43708.0,15.0,-2.12689938,49.21837377
covid19,United Kingdom,2020.0,44503.0,1859.0,72.44541229,-7.33059751,h1n1,2009.0,43708.0,15.0,-62.18518546,16.73941406
covid19,United Kingdom,2020.0,44503.0,1859.0,72.44541229,-7.33059751,h1n1,2009.0,43708.0,15.0,-128.31704202,-24.36500535
covid19,United Kingdom,2020.0,44503.0,1859.0,72.44541229,-7.33059751,h1n1,2009.0,43708.0,15.0,-36.43318388,-54.46488248
covid19,United Kingdom,2020.0,44503.0,1859.0,72.44541229,-7.33059751,h1n1,2009.0,43708.0,15.0,-9.54779416,-12.40355951
covid19,United Kingdom,2020.0,44503.0,1859.0,72.44541229,-7.33059751,h1n1,2009.0,43708.0,15.0,-71.97387881,21.83047572
covid19,United Kingdom,2020.0,44503.0,1859.0,72.44541229,-7.33059751,h1n1,2009.0,43708.0,15.0,-64.47146992,18.52585755
covid19,United Kingdom,2020.0,44503.0,1859.0,-2.12689938,49.21837377,h1n1,2009.0,43708.0,15.0,-63.06498927,18.2239595
covid19,United Kingdom,2020.0,44503.0,1859.0,-2.12689938,49.21837377,h1n1,2009.0,43708.0,15.0,-64.7545589,32.31367802
covid19,United Kingdom,2020.0,44503.0,1859.0,-2.12689938,49.21837377,h1n1,2009.0,43708.0,15.0,-80.91213321,19.42896497
covid19,United Kingdom,2020.0,44503.0,1859.0,-2.12689938,49.21837377,h1n1,2009.0,43708.0,15.0,-59.35238956,-51.74483954
covid19,United Kingdom,2020.0,44503.0,1859.0,-2.12689938,49.21837377,h1n1,2009.0,43708.0,15.0,-2.86563164,54.12387156
covid19,United Kingdom,2020.0,44503.0,1859.0,-2.12689938,49.21837377,h1n1,2009.0,43708.0,15.0,-2.57239064,49.46809761
covid19,United Kingdom,2020.0,44503.0,1859.0,-2.12689938,49.21837377,h1n1,2009.0,43708.0,15.0,-4.53873952,54.22418911
covid19,United Kingdom,2020.0,44503.0,1859.0,-2.12689938,49.21837377,h1n1,2009.0,43708.0,15.0,72.44541229,-7.33059751
covid19,United Kingdom,2020.0,44503.0,1859.0,-2.12689938,49.21837377,h1n1,2009.0,43708.0,15.0,-2.12689938,49.21837377
covid19,United Kingdom,2020.0,44503.0,1859.0,-2.12689938,49.21837377,h1n1,2009.0,43708.0,15.0,-62.18518546,16.73941406
covid19,United Kingdom,2020.0,44503.0,1859.0,-2.12689938,49.21837377,h1n1,2009.0,43708.0,15.0,-128.31704202,-24.36500535
covid19,United Kingdom,2020.0,44503.0,1859.0,-2.12689938,49.21837377,h1n1,2009.0,43708.0,15.0,-36.43318388,-54.46488248
covid19,United Kingdom,2020.0,44503.0,1859.0,-2.12689938,49.21837377,h1n1,2009.0,43708.0,15.0,-9.54779416,-12.40355951
covid19,United Kingdom,2020.0,44503.0,1859.0,-2.12689938,49.21837377,h1n1,2009.0,43708.0,15.0,-71.97387881,21.83047572
covid19,United Kingdom,2020.0,44503.0,1859.0,-2.12689938,49.21837377,h1n1,2009.0,43708.0,15.0,-64.47146992,18.52585755
covid19,United Kingdom,2020.0,44503.0,1859.0,-62.18518546,16.73941406,h1n1,2009.0,43708.0,15.0,-63.06498927,18.2239595
covid19,United Kingdom,2020.0,44503.0,1859.0,-62.18518546,16.73941406,h1n1,2009.0,43708.0,15.0,-64.7545589,32.31367802
covid19,United Kingdom,2020.0,44503.0,1859.0,-62.18518546,16.73941406,h1n1,2009.0,43708.0,15.0,-80.91213321,19.42896497
covid19,United Kingdom,2020.0,44503.0,1859.0,-62.18518546,16.73941406,h1n1,2009.0,43708.0,15.0,-59.35238956,-51.74483954
covid19,United Kingdom,2020.0,44503.0,1859.0,-62.18518546,16.73941406,h1n1,2009.0,43708.0,15.0,-2.86563164,54.12387156
covid19,United Kingdom,2020.0,44503.0,1859.0,-62.18518546,16.73941406,h1n1,2009.0,43708.0,15.0,-2.57239064,49.46809761
covid19,United Kingdom,2020.0,44503.0,1859.0,-62.18518546,16.73941406,h1n1,2009.0,43708.0,15.0,-4.53873952,54.22418911
covid19,United Kingdom,2020.0,44503.0,1859.0,-62.18518546,16.73941406,h1n1,2009.0,43708.0,15.0,72.44541229,-7.33059751
covid19,United Kingdom,2020.0,44503.0,1859.0,-62.18518546,16.73941406,h1n1,2009.0,43708.0,15.0,-2.12689938,49.21837377
covid19,United Kingdom,2020.0,44503.0,1859.0,-62.18518546,16.73941406,h1n1,2009.0,43708.0,15.0,-62.18518546,16.73941406
covid19,United Kingdom,2020.0,44503.0,1859.0,-62.18518546,16.73941406,h1n1,2009.0,43708.0,15.0,-128.31704202,-24.36500535
covid19,United Kingdom,2020.0,44503.0,1859.0,-62.18518546,16.73941406,h1n1,2009.0,43708.0,15.0,-36.43318388,-54.46488248
covid19,United Kingdom,2020.0,44503.0,1859.0,-62.18518546,16.73941406,h1n1,2009.0,43708.0,15.0,-9.54779416,-12.40355951
covid19,United Kingdom,2020.0,44503.0,1859.0,-62.18518546,16.73941406,h1n1,2009.0,43708.0,15.0,-71.97387881,21.83047572
covid19,United Kingdom,2020.0,44503.0,1859.0,-62.18518546,16.73941406,h1n1,2009.0,43708.0,15.0,-64.47146992,18.52585755
covid19,United Kingdom,2020.0,44503.0,1859.0,-128.31704202,-24.36500535,h1n1,2009.0,43708.0,15.0,-63.06498927,18.2239595
covid19,United Kingdom,2020.0,44503.0,1859.0,-128.31704202,-24.36500535,h1n1,2009.0,43708.0,15.0,-64.7545589,32.31367802
covid19,United Kingdom,2020.0,44503.0,1859.0,-128.31704202,-24.36500535,h1n1,2009.0,43708.0,15.0,-80.91213321,19.42896497
covid19,United Kingdom,2020.0,44503.0,1859.0,-128.31704202,-24.36500535,h1n1,2009.0,43708.0,15.0,-59.35238956,-51.74483954
covid19,United Kingdom,2020.0,44503.0,1859.0,-128.31704202,-24.36500535,h1n1,2009.0,43708.0,15.0,-2.86563164,54.12387156
covid19,United Kingdom,2020.0,44503.0,1859.0,-128.31704202,-24.36500535,h1n1,2009.0,43708.0,15.0,-2.57239064,49.46809761
covid19,United Kingdom,2020.0,44503.0,1859.0,-128.31704202,-24.36500535,h1n1,2009.0,43708.0,15.0,-4.53873952,54.22418911
covid19,United Kingdom,2020.0,44503.0,1859.0,-128.31704202,-24.36500535,h1n1,2009.0,43708.0,15.0,72.44541229,-7.33059751
covid19,United Kingdom,2020.0,44503.0,1859.0,-128.31704202,-24.36500535,h1n1,2009.0,43708.0,15.0,-2.12689938,49.21837377
covid19,United Kingdom,2020.0,44503.0,1859.0,-128.31704202,-24.36500535,h1n1,2009.0,43708.0,15.0,-62.18518546,16.73941406
covid19,United Kingdom,2020.0,44503.0,1859.0,-128.31704202,-24.36500535,h1n1,2009.0,43708.0,15.0,-128.31704202,-24.36500535
covid19,United Kingdom,2020.0,44503.0,1859.0,-128.31704202,-24.36500535,h1n1,2009.0,43708.0,15.0,-36.43318388,-54.46488248
covid19,United Kingdom,2020.0,44503.0,1859.0,-128.31704202,-24.36500535,h1n1,2009.0,43708.0,15.0,-9.54779416,-12.40355951
covid19,United Kingdom,2020.0,44503.0,1859.0,-128.31704202,-24.36500535,h1n1,2009.0,43708.0,15.0,-71.97387881,21.83047572
covid19,United Kingdom,2020.0,44503.0,1859.0,-128.31704202,-24.36500535,h1n1,2009.0,43708.0,15.0,-64.47146992,18.52585755
covid19,United Kingdom,2020.0,44503.0,1859.0,-36.43318388,-54.46488248,h1n1,2009.0,43708.0,15.0,-63.06498927,18.2239595
covid19,United Kingdom,2020.0,44503.0,1859.0,-36.43318388,-54.46488248,h1n1,2009.0,43708.0,15.0,-64.7545589,32.31367802
covid19,United Kingdom,2020.0,44503.0,1859.0,-36.43318388,-54.46488248,h1n1,2009.0,43708.0,15.0,-80.91213321,19.42896497
covid19,United Kingdom,2020.0,44503.0,1859.0,-36.43318388,-54.46488248,h1n1,2009.0,43708.0,15.0,-59.35238956,-51.74483954
covid19,United Kingdom,2020.0,44503.0,1859.0,-36.43318388,-54.46488248,h1n1,2009.0,43708.0,15.0,-2.86563164,54.12387156
covid19,United Kingdom,2020.0,44503.0,1859.0,-36.43318388,-54.46488248,h1n1,2009.0,43708.0,15.0,-2.57239064,49.46809761
covid19,United Kingdom,2020.0,44503.0,1859.0,-36.43318388,-54.46488248,h1n1,2009.0,43708.0,15.0,-4.53873952,54.22418911
covid19,United Kingdom,2020.0,44503.0,1859.0,-36.43318388,-54.46488248,h1n1,2009.0,43708.0,15.0,72.44541229,-7.33059751
covid19,United Kingdom,2020.0,44503.0,1859.0,-36.43318388,-54.46488248,h1n1,2009.0,43708.0,15.0,-2.12689938,49.21837377
covid19,United Kingdom,2020.0,44503.0,1859.0,-36.43318388,-54.46488248,h1n1,2009.0,43708.0,15.0,-62.18518546,16.73941406
covid19,United Kingdom,2020.0,44503.0,1859.0,-36.43318388,-54.46488248,h1n1,2009.0,43708.0,15.0,-128.31704202,-24.36500535
covid19,United Kingdom,2020.0,44503.0,1859.0,-36.43318388,-54.46488248,h1n1,2009.0,43708.0,15.0,-36.43318388,-54.46488248
covid19,United Kingdom,2020.0,44503.0,1859.0,-36.43318388,-54.46488248,h1n1,2009.0,43708.0,15.0,-9.54779416,-12.40355951
covid19,United Kingdom,2020.0,44503.0,1859.0,-36.43318388,-54.46488248,h1n1,2009.0,43708.0,15.0,-71.97387881,21.83047572
covid19,United Kingdom,2020.0,44503.0,1859.0,-36.43318388,-54.46488248,h1n1,2009.0,43708.0,15.0,-64.47146992,18.52585755
covid19,United Kingdom,2020.0,44503.0,1859.0,-9.54779416,-12.40355951,h1n1,2009.0,43708.0,15.0,-63.06498927,18.2239595
covid19,United Kingdom,2020.0,44503.0,1859.0,-9.54779416,-12.40355951,h1n1,2009.0,43708.0,15.0,-64.7545589,32.31367802
covid19,United Kingdom,2020.0,44503.0,1859.0,-9.54779416,-12.40355951,h1n1,2009.0,43708.0,15.0,-80.91213321,19.42896497
covid19,United Kingdom,2020.0,44503.0,1859.0,-9.54779416,-12.40355951,h1n1,2009.0,43708.0,15.0,-59.35238956,-51.74483954
covid19,United Kingdom,2020.0,44503.0,1859.0,-9.54779416,-12.40355951,h1n1,2009.0,43708.0,15.0,-2.86563164,54.12387156
covid19,United Kingdom,2020.0,44503.0,1859.0,-9.54779416,-12.40355951,h1n1,2009.0,43708.0,15.0,-2.57239064,49.46809761
covid19,United Kingdom,2020.0,44503.0,1859.0,-9.54779416,-12.40355951,h1n1,2009.0,43708.0,15.0,-4.53873952,54.22418911
covid19,United Kingdom,2020.0,44503.0,1859.0,-9.54779416,-12.40355951,h1n1,2009.0,43708.0,15.0,72.44541229,-7.33059751
covid19,United Kingdom,2020.0,44503.0,1859.0,-9.54779416,-12.40355951,h1n1,2009.0,43708.0,15.0,-2.12689938,49.21837377
covid19,United Kingdom,2020.0,44503.0,1859.0,-9.54779416,-12.40355951,h1n1,2009.0,43708.0,15.0,-62.18518546,16.73941406
covid19,United Kingdom,2020.0,44503.0,1859.0,-9.54779416,-12.40355951,h1n1,2009.0,43708.0,15.0,-128.31704202,-24.36500535
covid19,United Kingdom,2020.0,44503.0,1859.0,-9.54779416,-12.40355951,h1n1,2009.0,43708.0,15.0,-36.43318388,-54.46488248
covid19,United Kingdom,2020.0,44503.0,1859.0,-9.54779416,-12.40355951,h1n1,2009.0,43708.0,15.0,-9.54779416,-12.40355951
covid19,United Kingdom,2020.0,44503.0,1859.0,-9.54779416,-12.40355951,h1n1,2009.0,43708.0,15.0,-71.97387881,21.83047572
covid19,United Kingdom,2020.0,44503.0,1859.0,-9.54779416,-12.40355951,h1n1,2009.0,43708.0,15.0,-64.47146992,18.52585755
covid19,United Kingdom,2020.0,44503.0,1859.0,-71.97387881,21.83047572,h1n1,2009.0,43708.0,15.0,-63.06498927,18.2239595
covid19,United Kingdom,2020.0,44503.0,1859.0,-71.97387881,21.83047572,h1n1,2009.0,43708.0,15.0,-64.7545589,32.31367802
covid19,United Kingdom,2020.0,44503.0,1859.0,-71.97387881,21.83047572,h1n1,2009.0,43708.0,15.0,-80.91213321,19.42896497
covid19,United Kingdom,2020.0,44503.0,1859.0,-71.97387881,21.83047572,h1n1,2009.0,43708.0,15.0,-59.35238956,-51.74483954
covid19,United Kingdom,2020.0,44503.0,1859.0,-71.97387881,21.83047572,h1n1,2009.0,43708.0,15.0,-2.86563164,54.12387156
covid19,United Kingdom,2020.0,44503.0,1859.0,-71.97387881,21.83047572,h1n1,2009.0,43708.0,15.0,-2.57239064,49.46809761
covid19,United Kingdom,2020.0,44503.0,1859.0,-71.97387881,21.83047572,h1n1,2009.0,43708.0,15.0,-4.53873952,54.22418911
covid19,United Kingdom,2020.0,44503.0,1859.0,-71.97387881,21.83047572,h1n1,2009.0,43708.0,15.0,72.44541229,-7.33059751
covid19,United Kingdom,2020.0,44503.0,1859.0,-71.97387881,21.83047572,h1n1,2009.0,43708.0,15.0,-2.12689938,49.21837377
covid19,United Kingdom,2020.0,44503.0,1859.0,-71.97387881,21.83047572,h1n1,2009.0,43708.0,15.0,-62.18518546,16.73941406
covid19,United Kingdom,2020.0,44503.0,1859.0,-71.97387881,21.83047572,h1n1,2009.0,43708.0,15.0,-128.31704202,-24.36500535
covid19,United Kingdom,2020.0,44503.0,1859.0,-71.97387881,21.83047572,h1n1,2009.0,43708.0,15.0,-36.43318388,-54.46488248
covid19,United Kingdom,2020.0,44503.0,1859.0,-71.97387881,21.83047572,h1n1,2009.0,43708.0,15.0,-9.54779416,-12.40355951
covid19,United Kingdom,2020.0,44503.0,1859.0,-71.97387881,21.83047572,h1n1,2009.0,43708.0,15.0,-71.97387881,21.83047572
covid19,United Kingdom,2020.0,44503.0,1859.0,-71.97387881,21.83047572,h1n1,2009.0,43708.0,15.0,-64.47146992,18.52585755
covid19,United Kingdom,2020.0,44503.0,1859.0,-64.47146992,18.52585755,h1n1,2009.0,43708.0,15.0,-63.06498927,18.2239595
covid19,United Kingdom,2020.0,44503.0,1859.0,-64.47146992,18.52585755,h1n1,2009.0,43708.0,15.0,-64.7545589,32.31367802
covid19,United Kingdom,2020.0,44503.0,1859.0,-64.47146992,18.52585755,h1n1,2009.0,43708.0,15.0,-80.91213321,19.42896497
covid19,United Kingdom,2020.0,44503.0,1859.0,-64.47146992,18.52585755,h1n1,2009.0,43708.0,15.0,-59.35238956,-51.74483954
covid19,United Kingdom,2020.0,44503.0,1859.0,-64.47146992,18.52585755,h1n1,2009.0,43708.0,15.0,-2.86563164,54.12387156
covid19,United Kingdom,2020.0,44503.0,1859.0,-64.47146992,18.52585755,h1n1,2009.0,43708.0,15.0,-2.57239064,49.46809761
covid19,United Kingdom,2020.0,44503.0,1859.0,-64.47146992,18.52585755,h1n1,2009.0,43708.0,15.0,-4.53873952,54.22418911
covid19,United Kingdom,2020.0,44503.0,1859.0,-64.47146992,18.52585755,h1n1,2009.0,43708.0,15.0,72.44541229,-7.33059751
covid19,United Kingdom,2020.0,44503.0,1859.0,-64.47146992,18.52585755,h1n1,2009.0,43708.0,15.0,-2.12689938,49.21837377
covid19,United Kingdom,2020.0,44503.0,1859.0,-64.47146992,18.52585755,h1n1,2009.0,43708.0,15.0,-62.18518546,16.73941406
covid19,United Kingdom,2020.0,44503.0,1859.0,-64.47146992,18.52585755,h1n1,2009.0,43708.0,15.0,-128.31704202,-24.36500535
covid19,United Kingdom,2020.0,44503.0,1859.0,-64.47146992,18.52585755,h1n1,2009.0,43708.0,15.0,-36.43318388,-54.46488248
covid19,United Kingdom,2020.0,44503.0,1859.0,-64.47146992,18.52585755,h1n1,2009.0,43708.0,15.0,-9.54779416,-12.40355951
covid19,United Kingdom,2020.0,44503.0,1859.0,-64.47146992,18.52585755,h1n1,2009.0,43708.0,15.0,-71.97387881,21.83047572
covid19,United Kingdom,2020.0,44503.0,1859.0,-64.47146992,18.52585755,h1n1,2009.0,43708.0,15.0,-64.47146992,18.52585755
covid19,United Republic of Tanzania,2020.0,59.0,0.0,34.81309981,-6.27565408,,,,,,
covid19,United States of America,2020.0,223838.0,3127.0,-170.71802575,-14.30445997,h1n1,2009.0,340804.0,1150.0,-170.71802575,-14.30445997
covid19,United States of America,2020.0,223838.0,3127.0,-170.71802575,-14.30445997,h1n1,2009.0,340804.0,1150.0,144.76791022,13.44165626
covid19,United States of America,2020.0,223838.0,3127.0,-170.71802575,-14.30445997,h1n1,2009.0,340804.0,1150.0,145.61969651,15.82927563
covid19,United States of America,2020.0,223838.0,3127.0,-170.71802575,-14.30445997,h1n1,2009.0,340804.0,1150.0,-66.47307604,18.22813055
covid19,United States of America,2020.0,223838.0,3127.0,-170.71802575,-14.30445997,h1n1,2009.0,340804.0,1150.0,-112.4616737,45.6795472
covid19,United States of America,2020.0,223838.0,3127.0,-170.71802575,-14.30445997,h1n1,2009.0,340804.0,1150.0,-64.80301538,17.95500624
covid19,United States of America,2020.0,223838.0,3127.0,144.76791022,13.44165626,h1n1,2009.0,340804.0,1150.0,-170.71802575,-14.30445997
covid19,United States of America,2020.0,223838.0,3127.0,144.76791022,13.44165626,h1n1,2009.0,340804.0,1150.0,144.76791022,13.44165626
covid19,United States of America,2020.0,223838.0,3127.0,144.76791022,13.44165626,h1n1,2009.0,340804.0,1150.0,145.61969651,15.82927563
covid19,United States of America,2020.0,223838.0,3127.0,144.76791022,13.44165626,h1n1,2009.0,340804.0,1150.0,-66.47307604,18.22813055
covid19,United States of America,2020.0,223838.0,3127.0,144.76791022,13.44165626,h1n1,2009.0,340804.0,1150.0,-112.4616737,45.6795472
covid19,United States of America,2020.0,223838.0,3127.0,144.76791022,13.44165626,h1n1,2009.0,340804.0,1150.0,-64.80301538,17.95500624
covid19,United States of America,2020.0,223838.0,3127.0,145.61969651,15.82927563,h1n1,2009.0,340804.0,1150.0,-170.71802575,-14.30445997
covid19,United States of America,2020.0,223838.0,3127.0,145.61969651,15.82927563,h1n1,2009.0,340804.0,1150.0,144.76791022,13.44165626
covid19,United States of America,2020.0,223838.0,3127.0,145.61969651,15.82927563,h1n1,2009.0,340804.0,1150.0,145.61969651,15.82927563
covid19,United States of America,2020.0,223838.0,3127.0,145.61969651,15.82927563,h1n1,2009.0,340804.0,1150.0,-66.47307604,18.22813055
covid19,United States of America,2020.0,223838.0,3127.0,145.61969651,15.82927563,h1n1,2009.0,340804.0,1150.0,-112.4616737,45.6795472
covid19,United States of America,2020.0,223838.0,3127.0,145.61969651,15.82927563,h1n1,2009.0,340804.0,1150.0,-64.80301538,17.95500624
covid19,United States of America,2020.0,223838.0,3127.0,-66.47307604,18.22813055,h1n1,2009.0,340804.0,1150.0,-170.71802575,-14.30445997
covid19,United States of America,2020.0,223838.0,3127.0,-66.47307604,18.22813055,h1n1,2009.0,340804.0,1150.0,144.76791022,13.44165626
covid19,United States of America,2020.0,223838.0,3127.0,-66.47307604,18.22813055,h1n1,2009.0,340804.0,1150.0,145.61969651,15.82927563
covid19,United States of America,2020.0,223838.0,3127.0,-66.47307604,18.22813055,h1n1,2009.0,340804.0,1150.0,-66.47307604,18.22813055
covid19,United States of America,2020.0,223838.0,3127.0,-66.47307604,18.22813055,h1n1,2009.0,340804.0,1150.0,-112.4616737,45.6795472
covid19,United States of America,2020.0,223838.0,3127.0,-66.47307604,18.22813055,h1n1,2009.0,340804.0,1150.0,-64.80301538,17.95500624
covid19,United States of America,2020.0,223838.0,3127.0,-112.46167369999999,45.6795472,h1n1,2009.0,340804.0,1150.0,-170.71802575,-14.30445997
covid19,United States of America,2020.0,223838.0,3127.0,-112.46167369999999,45.6795472,h1n1,2009.0,340804.0,1150.0,144.76791022,13.44165626
covid19,United States of America,2020.0,223838.0,3127.0,-112.46167369999999,45.6795472,h1n1,2009.0,340804.0,1150.0,145.61969651,15.82927563
covid19,United States of America,2020.0,223838.0,3127.0,-112.46167369999999,45.6795472,h1n1,2009.0,340804.0,1150.0,-66.47307604,18.22813055
covid19,United States of America,2020.0,223838.0,3127.0,-112.46167369999999,45.6795472,h1n1,2009.0,340804.0,1150.0,-112.4616737,45.6795472
covid19,United States of America,2020.0,223838.0,3127.0,-112.46167369999999,45.6795472,h1n1,2009.0,340804.0,1150.0,-64.80301538,17.95500624
covid19,United States of America,2020.0,223838.0,3127.0,-64.80301538,17.95500624,h1n1,2009.0,340804.0,1150.0,-170.71802575,-14.30445997
covid19,United States of America,2020.0,223838.0,3127.0,-64.80301538,17.95500624,h1n1,2009.0,340804.0,1150.0,144.76791022,13.44165626
covid19,United States of America,2020.0,223838.0,3127.0,-64.80301538,17.95500624,h1n1,2009.0,340804.0,1150.0,145.61969651,15.82927563
covid19,United States of America,2020.0,223838.0,3127.0,-64.80301538,17.95500624,h1n1,2009.0,340804.0,1150.0,-66.47307604,18.22813055
covid19,United States of America,2020.0,223838.0,3127.0,-64.80301538,17.95500624,h1n1,2009.0,340804.0,1150.0,-112.4616737,45.6795472
covid19,United States of America,2020.0,223838.0,3127.0,-64.80301538,17.95500624,h1n1,2009.0,340804.0,1150.0,-64.80301538,17.95500624
covid19,Uruguay,2020.0,833.0,0.0,-56.01807053,-32.79951534,h1n1,2009.0,1458.0,6.0,-56.01807053,-32.79951534
covid19,Uzbekistan,2020.0,270.0,0.0,63.14001528,41.75554225,,,,,,
covid19,Venezuela (Bolivarian Republic of),2020.0,483.0,0.0,,,,,,,,
covid19,Viet Nam,2020.0,1696.0,0.0,,,h1n1,2009.0,822.0,0.0,,
covid19,Zambia,2020.0,17.0,0.0,27.77475946,-13.45824152,,,,,,
covid19,Zimbabwe,2020.0,13.0,2.0,29.8514412,-19.00420419,,,,,,
,"Bermuda, UKOT",,,,,,h1n1,2009.0,9.0,0.0,,
,Bolivia,,,,,,h1n1,2009.0,1200.0,0.0,-64.68538645,-16.70814787
,Bosnia and Hezegovina,,,,,,h1n1,2009.0,2.0,0.0,,
,"British Virgin Islands, UKOT",,,,,,h1n1,2009.0,11.0,0.0,,
,Cap Verde,,,,,,h1n1,2009.0,18.0,0.0,,
,"Cayman Islands, UKOT",,,,,,h1n1,2009.0,86.0,0.0,,
,Cook Island,,,,,,h1n1,2009.0,1.0,0.0,,
,Costa Rica*,,,,,,h1n1,2009.0,227.0,2.0,,
,Cote d'Ivoire,,,,,,h1n1,2009.0,12.0,0.0,,
,Czech Republic,,,,,,h1n1,2009.0,101.0,0.0,15.31240163,49.73341233
,"France, French Polynesia, FOC",,,,,,h1n1,2009.0,1.0,0.0,,
,"France, Martinique, FOC",,,,,,h1n1,2009.0,1.0,0.0,,
,Grand Total,,,,,,h1n1,2009.0,785800.0,3774.0,,
,GuatemalaÂ ,,,,,,h1n1,2009.0,1915.0,13.0,,
,Iran,,,,,,h1n1,2009.0,4.0,0.0,54.27407004,32.57503292
,"Iran, Islamic Republic",,,,,,h1n1,2009.0,1.0,0.0,,
,"Korea, Republic of",,,,,,h1n1,2009.0,1781.0,0.0,,
,Laos,,,,,,h1n1,2009.0,23.0,0.0,103.73772412,18.50217433
,Morocco *,,,,,,h1n1,2009.0,6.0,0.0,,
,Myanmar,,,,,,h1n1,2009.0,3.0,0.0,96.48843321,21.18566599
,"Netherlands, Curacao, OT",,,,,,h1n1,2009.0,1.0,0.0,,
,Palau,,,,,,h1n1,2009.0,2.0,0.0,134.40807966,7.28742784
,Russia,,,,,,h1n1,2009.0,59.0,0.0,96.68656112,61.98052209
,Samoa,,,,,,h1n1,2009.0,9.0,0.0,-172.16485064,-13.75324346
,Syria,,,,,,h1n1,2009.0,1.0,0.0,38.50788204,35.02547389
,The former Yugoslav Republic of Macedonia,,,,,,h1n1,2009.0,2.0,0.0,,
,"United Kingdom, Isle of Man, Crown Dependency",,,,,,h1n1,2009.0,1.0,0.0,,
,"United Kingdom, Jersey, Crown Dependency",,,,,,h1n1,2009.0,1.0,0.0,,
,United States of America*,,,,,,h1n1,2009.0,17855.0,44.0,,
,Vanuatu,,,,,,h1n1,2009.0,11.0,0.0,167.68644636,-16.22640909
,Venezuela,,,,,,h1n1,2009.0,1327.0,0.0,-66.18184123,7.12422421
,West Bank and Gaza Strip,,,,,,h1n1,2009.0,146.0,0.0,,
,Yemen,,,,,,h1n1,2009.0,50.0,0.0,47.58676189,15.90928005
,"Â Â Â Â France, New Caledonia, FOC",,,,,,h1n1,2009.0,12.0,0.0,,
,"Â Â Â Â French Polynesia, FOC",,,,,,h1n1,2009.0,11.0,0.0,,
,"Â Â Â Â Martinique, FOC",,,,,,h1n1,2009.0,12.0,0.0,,
,"Â Â Â Â Â French Polynesia, FOC",,,,,,h1n1,2009.0,4.0,0.0,,
,"Â Â Â Â Â Guadaloupe, FOC",,,,,,h1n1,2009.0,2.0,0.0,,
,"Â Â Â Â Â Guernsey, Crown Dependency",,,,,,h1n1,2009.0,17.0,0.0,,
,"Â Â Â Â Â Isle of Man, Crown Dependency",,,,,,h1n1,2009.0,8.0,0.0,,
,"Â Â Â Â Â Jersey, Crown Dependency",,,,,,h1n1,2009.0,51.0,0.0,,
,"Â Â Â Â Â Martinique, FOC",,,,,,h1n1,2009.0,3.0,0.0,,
,"Â Â Â Â Â Netherlands Antilles, CuraÃ§ao",,,,,,h1n1,2009.0,23.0,0.0,,
,"Â Â Â Â Â Netherlands Antilles, CuraÃ§ao *",,,,,,h1n1,2009.0,12.0,0.0,,
,"Â Â Â Â Â Netherlands Antilles, CuraÃ§ao **",,,,,,h1n1,2009.0,3.0,0.0,,
,"Â Â Â Â Â Netherlands Antilles, Sint Maarten",,,,,,h1n1,2009.0,26.0,0.0,,
,"Â Â Â Â Â Netherlands, Aruba",,,,,,h1n1,2009.0,10.0,0.0,,
,"Â Â Â Â Â New Caledonia, FOC",,,,,,h1n1,2009.0,12.0,0.0,,
,Â Â Â Â Â Puerto Rico,,,,,,h1n1,2009.0,18.0,0.0,,
,"Â Â Â Â Â Saint Martin, FOC",,,,,,h1n1,2009.0,1.0,0.0,,
,Â Â Â Â Â Virgin Islands,,,,,,h1n1,2009.0,1.0,0.0,,
